id,fecha,hora,presion_hpa,variacion_hpa,tendencia
12282,2026-09-01,00:15:00,579.6,0.1,Creciente
12283,2026-09-01,00:30:00,579.7,0.1,Creciente
12284,2026-09-01,00:45:00,579.7,0.0,Estable
12285,2026-09-01,01:00:00,579.9,0.2,Creciente
12286,2026-09-01,01:15:00,580.0,0.1,Creciente
12287,2026-09-01,01:30:00,579.9,-0.1,Descendente
12288,2026-09-01,01:45:00,580.0,0.1,Creciente
12289,2026-09-01,02:00:00,580.1,0.1,Creciente
12290,2026-09-01,02:15:00,580.1,0.0,Estable
12291,2026-09-01,02:30:00,580.0,-0.1,Descendente
12292,2026-09-01,02:45:00,579.9,-0.1,Descendente
12293,2026-09-01,03:00:00,579.7,-0.2,Descendente
12294,2026-09-01,03:15:00,579.6,-0.1,Descendente
12295,2026-09-01,03:30:00,579.4,-0.2,Descendente
12296,2026-09-01,03:45:00,579.3,-0.1,Descendente
12297,2026-09-01,04:00:00,579.2,-0.1,Descendente
12298,2026-09-01,04:15:00,579.0,-0.2,Descendente
12299,2026-09-01,04:30:00,578.9,-0.1,Descendente
12300,2026-09-01,04:45:00,578.9,0.0,Estable
12301,2026-09-01,05:00:00,578.9,0.0,Estable
12302,2026-09-01,05:15:00,578.9,0.0,Estable
12303,2026-09-01,05:30:00,578.9,0.0,Estable
12304,2026-09-01,05:45:00,579.0,0.1,Creciente
12305,2026-09-01,06:00:00,579.0,0.0,Estable
12306,2026-09-01,06:15:00,579.1,0.1,Creciente
12307,2026-09-01,06:30:00,579.2,0.1,Creciente
12308,2026-09-01,06:45:00,579.2,0.0,Estable
12309,2026-09-01,07:00:00,579.2,0.0,Estable
12310,2026-09-01,07:15:00,579.3,0.1,Creciente
12311,2026-09-01,07:30:00,579.4,0.1,Creciente
12312,2026-09-01,07:45:00,579.5,0.1,Creciente
12313,2026-09-01,08:00:00,579.5,0.0,Estable
12314,2026-09-01,08:15:00,579.6,0.1,Creciente
12315,2026-09-01,08:30:00,579.7,0.1,Creciente
12316,2026-09-01,08:45:00,579.9,0.2,Creciente
12317,2026-09-01,09:00:00,580.0,0.1,Creciente
12318,2026-09-01,09:15:00,580.1,0.1,Creciente
12319,2026-09-01,09:30:00,580.1,0.0,Estable
12320,2026-09-01,09:45:00,579.9,-0.2,Descendente
12321,2026-09-01,10:00:00,579.9,0.0,Estable
12322,2026-09-01,10:15:00,579.9,0.0,Estable
12323,2026-09-01,10:30:00,579.8,-0.1,Descendente
12324,2026-09-01,10:45:00,579.8,0.0,Estable
12325,2026-09-01,11:00:00,579.7,-0.1,Descendente
12326,2026-09-01,11:15:00,579.5,-0.2,Descendente
12327,2026-09-01,11:30:00,579.5,0.0,Estable
12328,2026-09-01,11:45:00,579.3,-0.2,Descendente
12329,2026-09-01,12:00:00,579.0,-0.3,Descendente
12330,2026-09-01,12:15:00,578.9,-0.1,Descendente
12331,2026-09-01,12:30:00,578.9,0.0,Estable
12332,2026-09-01,12:45:00,578.8,-0.1,Descendente
12333,2026-09-01,13:00:00,578.6,-0.2,Descendente
12334,2026-09-01,13:15:00,578.4,-0.2,Descendente
12335,2026-09-01,13:30:00,578.1,-0.3,Descendente
12336,2026-09-01,13:45:00,577.9,-0.2,Descendente
12337,2026-09-01,14:00:00,577.7,-0.2,Descendente
12338,2026-09-01,14:15:00,577.5,-0.2,Descendente
12339,2026-09-01,14:30:00,577.6,0.1,Creciente
12340,2026-09-01,14:45:00,577.5,-0.1,Descendente
12341,2026-09-01,15:00:00,577.3,-0.2,Descendente
12342,2026-09-01,15:15:00,577.2,-0.1,Descendente
12343,2026-09-01,15:30:00,577.1,-0.1,Descendente
12344,2026-09-01,15:45:00,577.1,0.0,Estable
12345,2026-09-01,16:00:00,576.9,-0.2,Descendente
12346,2026-09-01,16:15:00,576.8,-0.1,Descendente
12347,2026-09-01,16:30:00,576.8,0.0,Estable
12348,2026-09-01,16:45:00,577.0,0.2,Creciente
12349,2026-09-01,17:00:00,577.3,0.3,Creciente
12350,2026-09-01,17:15:00,577.5,0.2,Creciente
12351,2026-09-01,17:30:00,577.4,-0.1,Descendente
12352,2026-09-01,17:45:00,577.4,0.0,Estable
12353,2026-09-01,18:00:00,577.8,0.4,Creciente
12354,2026-09-01,18:15:00,578.0,0.2,Creciente
12355,2026-09-01,18:30:00,578.2,0.2,Creciente
12356,2026-09-01,18:45:00,578.8,0.6,Creciente
12357,2026-09-01,19:00:00,579.1,0.3,Creciente
12358,2026-09-01,19:15:00,579.2,0.1,Creciente
12359,2026-09-01,19:30:00,579.5,0.3,Creciente
12360,2026-09-01,19:45:00,579.6,0.1,Creciente
12361,2026-09-01,20:00:00,579.7,0.1,Creciente
12362,2026-09-01,20:15:00,579.9,0.2,Creciente
12363,2026-09-01,20:30:00,580.1,0.2,Creciente
12364,2026-09-01,20:45:00,580.3,0.2,Creciente
12365,2026-09-01,21:00:00,580.4,0.1,Creciente
12366,2026-09-01,21:15:00,580.4,0.0,Estable
12367,2026-09-01,21:30:00,580.6,0.2,Creciente
12368,2026-09-01,21:45:00,580.7,0.1,Creciente
12369,2026-09-01,22:00:00,580.7,0.0,Estable
12370,2026-09-01,22:15:00,580.9,0.2,Creciente
12371,2026-09-01,22:30:00,580.9,0.0,Estable
12372,2026-09-01,22:45:00,580.9,0.0,Estable
12373,2026-09-01,23:00:00,580.9,0.0,Estable
12374,2026-09-01,23:15:00,580.8,-0.1,Descendente
12375,2026-09-01,23:30:00,580.8,0.0,Estable
12376,2026-09-01,23:45:00,580.7,-0.1,Descendente
12472,2026-09-02,00:15:00,580.6,-0.1,Descendente
12473,2026-09-02,00:30:00,580.6,0.0,Estable
12474,2026-09-02,00:45:00,580.3,-0.3,Descendente
12475,2026-09-02,01:00:00,580.3,0.0,Estable
12476,2026-09-02,01:15:00,580.1,-0.2,Descendente
12477,2026-09-02,01:30:00,580.0,-0.1,Descendente
12478,2026-09-02,01:45:00,579.9,-0.1,Descendente
12479,2026-09-02,02:00:00,579.7,-0.2,Descendente
12480,2026-09-02,02:15:00,579.6,-0.1,Descendente
12481,2026-09-02,02:30:00,579.5,-0.1,Descendente
12482,2026-09-02,02:45:00,579.5,0.0,Estable
12483,2026-09-02,03:00:00,579.4,-0.1,Descendente
12484,2026-09-02,03:15:00,579.4,0.0,Estable
12485,2026-09-02,03:30:00,579.3,-0.1,Descendente
12486,2026-09-02,03:45:00,579.2,-0.1,Descendente
12487,2026-09-02,04:00:00,579.2,0.0,Estable
12488,2026-09-02,04:15:00,579.2,0.0,Estable
12489,2026-09-02,04:30:00,579.3,0.1,Creciente
12490,2026-09-02,04:45:00,579.2,-0.1,Descendente
12491,2026-09-02,05:00:00,579.3,0.1,Creciente
12492,2026-09-02,05:15:00,579.3,0.0,Estable
12493,2026-09-02,05:30:00,579.3,0.0,Estable
12494,2026-09-02,05:45:00,579.3,0.0,Estable
12495,2026-09-02,06:00:00,579.3,0.0,Estable
12496,2026-09-02,06:15:00,579.5,0.2,Creciente
12497,2026-09-02,06:30:00,579.6,0.1,Creciente
12498,2026-09-02,06:45:00,579.8,0.2,Creciente
12499,2026-09-02,07:00:00,579.8,0.0,Estable
12500,2026-09-02,07:15:00,579.8,0.0,Estable
12501,2026-09-02,07:30:00,579.9,0.1,Creciente
12502,2026-09-02,07:45:00,580.0,0.1,Creciente
12503,2026-09-02,08:00:00,580.1,0.1,Creciente
12504,2026-09-02,08:15:00,580.2,0.1,Creciente
12505,2026-09-02,08:30:00,580.4,0.2,Creciente
12506,2026-09-02,08:45:00,580.5,0.1,Creciente
12507,2026-09-02,09:00:00,580.6,0.1,Creciente
12508,2026-09-02,09:15:00,580.6,0.0,Estable
12509,2026-09-02,09:30:00,580.7,0.1,Creciente
12510,2026-09-02,09:45:00,580.7,0.0,Estable
12511,2026-09-02,10:00:00,580.6,-0.1,Descendente
12512,2026-09-02,10:15:00,580.6,0.0,Estable
12513,2026-09-02,10:30:00,580.5,-0.1,Descendente
12514,2026-09-02,10:45:00,580.4,-0.1,Descendente
12515,2026-09-02,11:00:00,580.2,-0.2,Descendente
12516,2026-09-02,11:15:00,580.1,-0.1,Descendente
12517,2026-09-02,11:30:00,580.0,-0.1,Descendente
12518,2026-09-02,11:45:00,579.6,-0.4,Descendente
12519,2026-09-02,12:00:00,579.4,-0.2,Descendente
12520,2026-09-02,12:15:00,579.4,0.0,Estable
12521,2026-09-02,12:30:00,579.1,-0.3,Descendente
12522,2026-09-02,12:45:00,578.9,-0.2,Descendente
12523,2026-09-02,13:00:00,578.4,-0.5,Descendente
12524,2026-09-02,13:15:00,578.2,-0.2,Descendente
12525,2026-09-02,13:30:00,578.0,-0.2,Descendente
12526,2026-09-02,13:45:00,577.8,-0.2,Descendente
12527,2026-09-02,14:00:00,577.7,-0.1,Descendente
12528,2026-09-02,14:15:00,577.4,-0.3,Descendente
12529,2026-09-02,14:30:00,577.2,-0.2,Descendente
12530,2026-09-02,14:45:00,577.0,-0.2,Descendente
12531,2026-09-02,15:00:00,577.0,0.0,Estable
12532,2026-09-02,15:15:00,576.8,-0.2,Descendente
12533,2026-09-02,15:30:00,576.7,-0.1,Descendente
12534,2026-09-02,15:45:00,576.4,-0.3,Descendente
12535,2026-09-02,16:00:00,576.4,0.0,Estable
12536,2026-09-02,16:15:00,576.2,-0.2,Descendente
12537,2026-09-02,16:30:00,576.2,0.0,Estable
12538,2026-09-02,16:45:00,576.2,0.0,Estable
12539,2026-09-02,17:00:00,576.3,0.1,Creciente
12540,2026-09-02,17:15:00,576.4,0.1,Creciente
12541,2026-09-02,17:30:00,576.5,0.1,Creciente
12542,2026-09-02,17:45:00,576.4,-0.1,Descendente
12543,2026-09-02,18:00:00,576.6,0.2,Creciente
12544,2026-09-02,18:15:00,577.1,0.5,Creciente
12545,2026-09-02,18:30:00,577.1,0.0,Estable
12546,2026-09-02,18:45:00,577.4,0.3,Creciente
12547,2026-09-02,19:00:00,577.9,0.5,Creciente
12548,2026-09-02,19:15:00,577.9,0.0,Estable
12549,2026-09-02,19:30:00,577.9,0.0,Estable
12550,2026-09-02,19:45:00,578.1,0.2,Creciente
12551,2026-09-02,20:00:00,578.3,0.2,Creciente
12552,2026-09-02,20:15:00,578.3,0.0,Estable
12553,2026-09-02,20:30:00,578.3,0.0,Estable
12554,2026-09-02,20:45:00,578.5,0.2,Creciente
12555,2026-09-02,21:00:00,578.7,0.2,Creciente
12556,2026-09-02,21:15:00,578.6,-0.1,Descendente
12557,2026-09-02,21:30:00,579.1,0.5,Creciente
12558,2026-09-02,21:45:00,579.6,0.5,Creciente
12559,2026-09-02,22:00:00,579.4,-0.2,Descendente
12560,2026-09-02,22:15:00,579.4,0.0,Estable
12561,2026-09-02,22:30:00,579.4,0.0,Estable
12562,2026-09-02,22:45:00,579.4,0.0,Estable
12563,2026-09-02,23:00:00,580.1,0.7,Creciente
12564,2026-09-02,23:15:00,580.2,0.1,Creciente
12565,2026-09-02,23:30:00,580.2,0.0,Estable
12566,2026-09-02,23:45:00,580.0,-0.2,Descendente
12377,2026-09-03,00:15:00,580.0,0.0,Estable
12378,2026-09-03,00:30:00,580.0,0.0,Estable
12379,2026-09-03,00:45:00,579.9,-0.1,Descendente
12380,2026-09-03,01:00:00,579.8,-0.1,Descendente
12381,2026-09-03,01:15:00,579.4,-0.4,Descendente
12382,2026-09-03,01:30:00,579.3,-0.1,Descendente
12383,2026-09-03,01:45:00,579.2,-0.1,Descendente
12384,2026-09-03,02:00:00,579.0,-0.2,Descendente
12385,2026-09-03,02:15:00,578.8,-0.2,Descendente
12386,2026-09-03,02:30:00,579.0,0.2,Creciente
12387,2026-09-03,02:45:00,579.0,0.0,Estable
12388,2026-09-03,03:00:00,578.9,-0.1,Descendente
12389,2026-09-03,03:15:00,578.9,0.0,Estable
12390,2026-09-03,03:30:00,578.9,0.0,Estable
12391,2026-09-03,03:45:00,578.8,-0.1,Descendente
12392,2026-09-03,04:00:00,579.0,0.2,Creciente
12393,2026-09-03,04:15:00,578.9,-0.1,Descendente
12394,2026-09-03,04:30:00,578.7,-0.2,Descendente
12395,2026-09-03,04:45:00,578.7,0.0,Estable
12396,2026-09-03,05:00:00,578.7,0.0,Estable
12397,2026-09-03,05:15:00,578.7,0.0,Estable
12398,2026-09-03,05:30:00,578.6,-0.1,Descendente
12399,2026-09-03,05:45:00,578.7,0.1,Creciente
12400,2026-09-03,06:00:00,578.7,0.0,Estable
12401,2026-09-03,06:15:00,578.9,0.2,Creciente
12402,2026-09-03,06:30:00,579.1,0.2,Creciente
12403,2026-09-03,06:45:00,579.2,0.1,Creciente
12404,2026-09-03,07:00:00,579.3,0.1,Creciente
12405,2026-09-03,07:15:00,579.5,0.2,Creciente
12406,2026-09-03,07:30:00,579.6,0.1,Creciente
12407,2026-09-03,07:45:00,579.6,0.0,Estable
12408,2026-09-03,08:00:00,579.5,-0.1,Descendente
12409,2026-09-03,08:15:00,579.6,0.1,Creciente
12410,2026-09-03,08:30:00,579.5,-0.1,Descendente
12411,2026-09-03,08:45:00,579.5,0.0,Estable
12412,2026-09-03,09:00:00,579.6,0.1,Creciente
12413,2026-09-03,09:15:00,579.6,0.0,Estable
12414,2026-09-03,09:30:00,579.7,0.1,Creciente
12415,2026-09-03,09:45:00,579.6,-0.1,Descendente
12416,2026-09-03,10:00:00,579.6,0.0,Estable
12417,2026-09-03,10:15:00,579.6,0.0,Estable
12418,2026-09-03,10:30:00,579.6,0.0,Estable
12419,2026-09-03,10:45:00,579.5,-0.1,Descendente
12420,2026-09-03,11:00:00,579.3,-0.2,Descendente
12421,2026-09-03,11:15:00,579.2,-0.1,Descendente
12422,2026-09-03,11:30:00,579.0,-0.2,Descendente
12423,2026-09-03,11:45:00,578.7,-0.3,Descendente
12424,2026-09-03,12:00:00,578.4,-0.3,Descendente
12425,2026-09-03,12:15:00,578.0,-0.4,Descendente
12426,2026-09-03,12:30:00,577.9,-0.1,Descendente
12427,2026-09-03,12:45:00,577.5,-0.4,Descendente
12428,2026-09-03,13:00:00,577.4,-0.1,Descendente
12429,2026-09-03,13:15:00,577.1,-0.3,Descendente
12430,2026-09-03,13:30:00,577.0,-0.1,Descendente
12431,2026-09-03,13:45:00,576.6,-0.4,Descendente
12432,2026-09-03,14:00:00,576.4,-0.2,Descendente
12433,2026-09-03,14:15:00,576.1,-0.3,Descendente
12434,2026-09-03,14:30:00,575.8,-0.3,Descendente
12435,2026-09-03,14:45:00,575.5,-0.3,Descendente
12436,2026-09-03,15:00:00,575.5,0.0,Estable
12437,2026-09-03,15:15:00,575.2,-0.3,Descendente
12438,2026-09-03,15:30:00,574.9,-0.3,Descendente
12439,2026-09-03,15:45:00,574.7,-0.2,Descendente
12440,2026-09-03,16:00:00,574.5,-0.2,Descendente
12441,2026-09-03,16:15:00,574.4,-0.1,Descendente
12442,2026-09-03,16:30:00,574.4,0.0,Estable
12443,2026-09-03,16:45:00,574.3,-0.1,Descendente
12444,2026-09-03,17:00:00,575.1,0.8,Creciente
12445,2026-09-03,17:15:00,575.4,0.3,Creciente
12446,2026-09-03,17:30:00,575.6,0.2,Creciente
12447,2026-09-03,17:45:00,575.8,0.2,Creciente
12448,2026-09-03,18:00:00,575.9,0.1,Creciente
12449,2026-09-03,18:15:00,577.2,1.3,Creciente
12450,2026-09-03,18:30:00,577.0,-0.2,Descendente
12451,2026-09-03,18:45:00,576.8,-0.2,Descendente
12452,2026-09-03,19:00:00,577.3,0.5,Creciente
12453,2026-09-03,19:15:00,577.5,0.2,Creciente
12454,2026-09-03,19:30:00,577.9,0.4,Creciente
12455,2026-09-03,19:45:00,577.8,-0.1,Descendente
12456,2026-09-03,20:00:00,577.7,-0.1,Descendente
12457,2026-09-03,20:15:00,577.7,0.0,Estable
12458,2026-09-03,20:30:00,577.8,0.1,Creciente
12459,2026-09-03,20:45:00,578.0,0.2,Creciente
12460,2026-09-03,21:00:00,577.9,-0.1,Descendente
12461,2026-09-03,21:15:00,578.1,0.2,Creciente
12462,2026-09-03,21:30:00,578.2,0.1,Creciente
12463,2026-09-03,21:45:00,578.4,0.2,Creciente
12464,2026-09-03,22:00:00,578.3,-0.1,Descendente
12465,2026-09-03,22:15:00,578.6,0.3,Creciente
12466,2026-09-03,22:30:00,578.5,-0.1,Descendente
12467,2026-09-03,22:45:00,578.5,0.0,Estable
12468,2026-09-03,23:00:00,578.4,-0.1,Descendente
12469,2026-09-03,23:15:00,578.4,0.0,Estable
12470,2026-09-03,23:30:00,578.4,0.0,Estable
12471,2026-09-03,23:45:00,578.4,0.0,Estable
12567,2026-09-04,00:15:00,578.4,0.0,Estable
12568,2026-09-04,00:30:00,578.3,-0.1,Descendente
12569,2026-09-04,00:45:00,578.2,-0.1,Descendente
12570,2026-09-04,01:00:00,578.0,-0.2,Descendente
12571,2026-09-04,01:15:00,577.9,-0.1,Descendente
12572,2026-09-04,01:30:00,578.0,0.1,Creciente
12573,2026-09-04,01:45:00,578.1,0.1,Creciente
12574,2026-09-04,02:00:00,578.0,-0.1,Descendente
12575,2026-09-04,02:15:00,577.9,-0.1,Descendente
12576,2026-09-04,02:30:00,577.7,-0.2,Descendente
12577,2026-09-04,02:45:00,577.7,0.0,Estable
12578,2026-09-04,03:00:00,577.5,-0.2,Descendente
12579,2026-09-04,03:15:00,577.5,0.0,Estable
12580,2026-09-04,03:30:00,577.7,0.2,Creciente
12581,2026-09-04,03:45:00,577.6,-0.1,Descendente
12582,2026-09-04,04:00:00,577.5,-0.1,Descendente
12583,2026-09-04,04:15:00,577.3,-0.2,Descendente
12584,2026-09-04,04:30:00,577.4,0.1,Creciente
12585,2026-09-04,04:45:00,577.3,-0.1,Descendente
12586,2026-09-04,05:00:00,577.4,0.1,Creciente
12587,2026-09-04,05:15:00,577.4,0.0,Estable
12588,2026-09-04,05:30:00,577.4,0.0,Estable
12589,2026-09-04,05:45:00,577.4,0.0,Estable
12590,2026-09-04,06:00:00,577.6,0.2,Creciente
12591,2026-09-04,06:15:00,577.6,0.0,Estable
12592,2026-09-04,06:30:00,577.8,0.2,Creciente
12593,2026-09-04,06:45:00,578.0,0.2,Creciente
12594,2026-09-04,07:00:00,578.1,0.1,Creciente
12595,2026-09-04,07:15:00,578.1,0.0,Estable
12596,2026-09-04,07:30:00,578.3,0.2,Creciente
12597,2026-09-04,07:45:00,578.1,-0.2,Descendente
12598,2026-09-04,08:00:00,578.2,0.1,Creciente
12599,2026-09-04,08:15:00,578.4,0.2,Creciente
12600,2026-09-04,08:30:00,578.3,-0.1,Descendente
12601,2026-09-04,08:45:00,578.4,0.1,Creciente
12602,2026-09-04,09:00:00,578.4,0.0,Estable
12603,2026-09-04,09:15:00,578.4,0.0,Estable
12604,2026-09-04,09:30:00,578.4,0.0,Estable
12605,2026-09-04,09:45:00,578.4,0.0,Estable
12606,2026-09-04,10:00:00,578.4,0.0,Estable
12607,2026-09-04,10:15:00,578.4,0.0,Estable
12608,2026-09-04,10:30:00,578.3,-0.1,Descendente
12609,2026-09-04,10:45:00,578.2,-0.1,Descendente
12610,2026-09-04,11:00:00,578.0,-0.2,Descendente
12611,2026-09-04,11:15:00,577.9,-0.1,Descendente
12612,2026-09-04,11:30:00,577.8,-0.1,Descendente
12613,2026-09-04,11:45:00,577.7,-0.1,Descendente
12614,2026-09-04,12:00:00,577.4,-0.3,Descendente
12615,2026-09-04,12:15:00,577.3,-0.1,Descendente
12616,2026-09-04,12:30:00,577.2,-0.1,Descendente
12617,2026-09-04,12:45:00,577.0,-0.2,Descendente
12618,2026-09-04,13:00:00,576.8,-0.2,Descendente
12619,2026-09-04,13:15:00,576.6,-0.2,Descendente
12620,2026-09-04,13:30:00,576.5,-0.1,Descendente
12621,2026-09-04,13:45:00,576.4,-0.1,Descendente
12622,2026-09-04,14:00:00,576.2,-0.2,Descendente
12623,2026-09-04,14:15:00,575.9,-0.3,Descendente
12624,2026-09-04,14:30:00,575.8,-0.1,Descendente
12625,2026-09-04,14:45:00,575.6,-0.2,Descendente
12626,2026-09-04,15:00:00,575.5,-0.1,Descendente
12627,2026-09-04,15:15:00,575.4,-0.1,Descendente
12628,2026-09-04,15:30:00,575.2,-0.2,Descendente
12629,2026-09-04,15:45:00,575.0,-0.2,Descendente
12630,2026-09-04,16:00:00,574.9,-0.1,Descendente
12631,2026-09-04,16:15:00,574.8,-0.1,Descendente
12632,2026-09-04,16:30:00,574.8,0.0,Estable
12633,2026-09-04,16:45:00,574.7,-0.1,Descendente
12634,2026-09-04,17:00:00,574.8,0.1,Creciente
12635,2026-09-04,17:15:00,574.8,0.0,Estable
12636,2026-09-04,17:30:00,574.8,0.0,Estable
12637,2026-09-04,17:45:00,574.8,0.0,Estable
12638,2026-09-04,18:00:00,574.9,0.1,Creciente
12639,2026-09-04,18:15:00,575.0,0.1,Creciente
12640,2026-09-04,18:30:00,575.1,0.1,Creciente
12641,2026-09-04,18:45:00,575.3,0.2,Creciente
12642,2026-09-04,19:00:00,575.6,0.3,Creciente
12643,2026-09-04,19:15:00,575.8,0.2,Creciente
12644,2026-09-04,19:30:00,576.0,0.2,Creciente
12645,2026-09-04,19:45:00,576.2,0.2,Creciente
12646,2026-09-04,20:00:00,576.4,0.2,Creciente
12647,2026-09-04,20:15:00,576.7,0.3,Creciente
12648,2026-09-04,20:30:00,576.8,0.1,Creciente
12649,2026-09-04,20:45:00,577.0,0.2,Creciente
12650,2026-09-04,21:00:00,577.2,0.2,Creciente
12651,2026-09-04,21:15:00,577.3,0.1,Creciente
12652,2026-09-04,21:30:00,577.4,0.1,Creciente
12653,2026-09-04,21:45:00,577.4,0.0,Estable
12654,2026-09-04,22:00:00,577.6,0.2,Creciente
12655,2026-09-04,22:15:00,577.6,0.0,Estable
12656,2026-09-04,22:30:00,577.7,0.1,Creciente
12657,2026-09-04,22:45:00,577.6,-0.1,Descendente
12658,2026-09-04,23:00:00,577.6,0.0,Estable
12659,2026-09-04,23:15:00,577.8,0.2,Creciente
12660,2026-09-04,23:30:00,577.8,0.0,Estable
12661,2026-09-04,23:45:00,577.6,-0.2,Descendente
12662,2026-09-05,00:15:00,577.6,0.0,Estable
12663,2026-09-05,00:30:00,577.5,-0.1,Descendente
12664,2026-09-05,00:45:00,577.5,0.0,Estable
12665,2026-09-05,01:00:00,577.3,-0.2,Descendente
12666,2026-09-05,01:15:00,577.2,-0.1,Descendente
12667,2026-09-05,01:30:00,577.1,-0.1,Descendente
12668,2026-09-05,01:45:00,577.2,0.1,Creciente
12669,2026-09-05,02:00:00,577.1,-0.1,Descendente
12670,2026-09-05,02:15:00,576.9,-0.2,Descendente
12671,2026-09-05,02:30:00,576.9,0.0,Estable
12672,2026-09-05,02:45:00,576.8,-0.1,Descendente
12673,2026-09-05,03:00:00,576.7,-0.1,Descendente
12674,2026-09-05,03:15:00,576.5,-0.2,Descendente
12675,2026-09-05,03:30:00,576.5,0.0,Estable
12676,2026-09-05,03:45:00,576.5,0.0,Estable
12677,2026-09-05,04:00:00,576.4,-0.1,Descendente
12678,2026-09-05,04:15:00,576.4,0.0,Estable
12679,2026-09-05,04:30:00,576.3,-0.1,Descendente
12680,2026-09-05,04:45:00,576.2,-0.1,Descendente
12681,2026-09-05,05:00:00,576.2,0.0,Estable
12682,2026-09-05,05:15:00,576.3,0.1,Creciente
12683,2026-09-05,05:30:00,576.5,0.2,Creciente
12684,2026-09-05,05:45:00,576.6,0.1,Creciente
12685,2026-09-05,06:00:00,576.7,0.1,Creciente
12686,2026-09-05,06:15:00,576.9,0.2,Creciente
12687,2026-09-05,06:30:00,577.0,0.1,Creciente
12688,2026-09-05,06:45:00,577.3,0.3,Creciente
12689,2026-09-05,07:00:00,577.5,0.2,Creciente
12690,2026-09-05,07:15:00,577.8,0.3,Creciente
12691,2026-09-05,07:30:00,577.7,-0.1,Descendente
12692,2026-09-05,07:45:00,577.9,0.2,Creciente
12693,2026-09-05,08:00:00,577.9,0.0,Estable
12694,2026-09-05,08:15:00,578.0,0.1,Creciente
12695,2026-09-05,08:30:00,578.1,0.1,Creciente
12696,2026-09-05,08:45:00,578.1,0.0,Estable
12697,2026-09-05,09:00:00,578.1,0.0,Estable
12698,2026-09-05,09:15:00,578.1,0.0,Estable
12699,2026-09-05,09:30:00,578.1,0.0,Estable
12700,2026-09-05,09:45:00,577.9,-0.2,Descendente
12701,2026-09-05,10:00:00,578.0,0.1,Creciente
12702,2026-09-05,10:15:00,577.8,-0.2,Descendente
12703,2026-09-05,10:30:00,577.7,-0.1,Descendente
12704,2026-09-05,10:45:00,577.9,0.2,Creciente
12705,2026-09-05,11:00:00,577.6,-0.3,Descendente
12706,2026-09-05,11:15:00,577.5,-0.1,Descendente
12707,2026-09-05,11:30:00,577.2,-0.3,Descendente
12708,2026-09-05,11:45:00,576.9,-0.3,Descendente
12709,2026-09-05,12:00:00,576.8,-0.1,Descendente
12710,2026-09-05,12:15:00,576.6,-0.2,Descendente
12711,2026-09-05,12:30:00,576.3,-0.3,Descendente
12712,2026-09-05,12:45:00,576.2,-0.1,Descendente
12713,2026-09-05,13:00:00,576.0,-0.2,Descendente
12714,2026-09-05,13:15:00,575.9,-0.1,Descendente
12715,2026-09-05,13:30:00,575.7,-0.2,Descendente
12716,2026-09-05,13:45:00,575.5,-0.2,Descendente
12717,2026-09-05,14:00:00,575.3,-0.2,Descendente
12718,2026-09-05,14:15:00,575.0,-0.3,Descendente
12719,2026-09-05,14:30:00,574.6,-0.4,Descendente
12720,2026-09-05,14:45:00,574.2,-0.4,Descendente
12721,2026-09-05,15:00:00,574.0,-0.2,Descendente
12722,2026-09-05,15:15:00,573.7,-0.3,Descendente
12723,2026-09-05,15:30:00,573.6,-0.1,Descendente
12724,2026-09-05,15:45:00,573.5,-0.1,Descendente
12725,2026-09-05,16:00:00,573.5,0.0,Estable
12726,2026-09-05,16:15:00,573.4,-0.1,Descendente
12727,2026-09-05,16:30:00,573.5,0.1,Creciente
12728,2026-09-05,16:45:00,573.5,0.0,Estable
12729,2026-09-05,17:00:00,574.1,0.6,Creciente
12730,2026-09-05,17:15:00,574.8,0.7,Creciente
12731,2026-09-05,17:30:00,574.9,0.1,Creciente
12732,2026-09-05,17:45:00,575.0,0.1,Creciente
12733,2026-09-05,18:00:00,575.1,0.1,Creciente
12734,2026-09-05,18:15:00,575.3,0.2,Creciente
12735,2026-09-05,18:30:00,575.6,0.3,Creciente
12736,2026-09-05,18:45:00,575.9,0.3,Creciente
12737,2026-09-05,19:00:00,576.5,0.6,Creciente
12738,2026-09-05,19:15:00,576.9,0.4,Creciente
12739,2026-09-05,19:30:00,576.9,0.0,Estable
12740,2026-09-05,19:45:00,576.9,0.0,Estable
12741,2026-09-05,20:00:00,576.8,-0.1,Descendente
12742,2026-09-05,20:15:00,576.7,-0.1,Descendente
12743,2026-09-05,20:30:00,576.8,0.1,Creciente
12744,2026-09-05,20:45:00,576.9,0.1,Creciente
12745,2026-09-05,21:00:00,577.2,0.3,Creciente
12746,2026-09-05,21:15:00,577.4,0.2,Creciente
12747,2026-09-05,21:30:00,577.7,0.3,Creciente
12748,2026-09-05,21:45:00,577.9,0.2,Creciente
12749,2026-09-05,22:00:00,578.2,0.3,Creciente
12750,2026-09-05,22:15:00,578.3,0.1,Creciente
12751,2026-09-05,22:30:00,578.5,0.2,Creciente
12752,2026-09-05,22:45:00,578.4,-0.1,Descendente
12753,2026-09-05,23:00:00,578.3,-0.1,Descendente
12754,2026-09-05,23:15:00,578.0,-0.3,Descendente
12755,2026-09-05,23:30:00,577.9,-0.1,Descendente
12756,2026-09-05,23:45:00,577.9,0.0,Estable
12757,2026-09-06,00:15:00,577.8,-0.1,Descendente
12758,2026-09-06,00:30:00,577.8,0.0,Estable
12759,2026-09-06,00:45:00,577.5,-0.3,Descendente
12760,2026-09-06,01:00:00,577.4,-0.1,Descendente
12761,2026-09-06,01:15:00,577.3,-0.1,Descendente
12762,2026-09-06,01:30:00,577.2,-0.1,Descendente
12763,2026-09-06,01:45:00,577.0,-0.2,Descendente
12764,2026-09-06,02:00:00,576.8,-0.2,Descendente
12765,2026-09-06,02:15:00,576.7,-0.1,Descendente
12766,2026-09-06,02:30:00,576.6,-0.1,Descendente
12767,2026-09-06,02:45:00,576.7,0.1,Creciente
12768,2026-09-06,03:00:00,576.4,-0.3,Descendente
12769,2026-09-06,03:15:00,576.4,0.0,Estable
12770,2026-09-06,03:30:00,576.3,-0.1,Descendente
12771,2026-09-06,03:45:00,576.2,-0.1,Descendente
12772,2026-09-06,04:00:00,576.2,0.0,Estable
12773,2026-09-06,04:15:00,576.1,-0.1,Descendente
12774,2026-09-06,04:30:00,576.2,0.1,Creciente
12775,2026-09-06,04:45:00,576.2,0.0,Estable
12776,2026-09-06,05:00:00,576.3,0.1,Creciente
12777,2026-09-06,05:15:00,576.2,-0.1,Descendente
12778,2026-09-06,05:30:00,576.2,0.0,Estable
12779,2026-09-06,05:45:00,576.2,0.0,Estable
12780,2026-09-06,06:00:00,576.3,0.1,Creciente
12781,2026-09-06,06:15:00,576.6,0.3,Creciente
12782,2026-09-06,06:30:00,576.7,0.1,Creciente
12783,2026-09-06,06:45:00,576.9,0.2,Creciente
12784,2026-09-06,07:00:00,577.0,0.1,Creciente
12785,2026-09-06,07:15:00,577.1,0.1,Creciente
12786,2026-09-06,07:30:00,577.3,0.2,Creciente
12787,2026-09-06,07:45:00,577.4,0.1,Creciente
12788,2026-09-06,08:00:00,577.5,0.1,Creciente
12789,2026-09-06,08:15:00,577.7,0.2,Creciente
12790,2026-09-06,08:30:00,577.9,0.2,Creciente
12791,2026-09-06,08:45:00,577.9,0.0,Estable
12792,2026-09-06,09:00:00,577.9,0.0,Estable
12793,2026-09-06,09:15:00,577.9,0.0,Estable
12794,2026-09-06,09:30:00,578.0,0.1,Creciente
12795,2026-09-06,09:45:00,578.0,0.0,Estable
12796,2026-09-06,10:00:00,578.1,0.1,Creciente
12797,2026-09-06,10:15:00,578.0,-0.1,Descendente
12798,2026-09-06,10:30:00,578.0,0.0,Estable
12799,2026-09-06,10:45:00,578.0,0.0,Estable
12800,2026-09-06,11:00:00,578.0,0.0,Estable
12801,2026-09-06,11:15:00,577.9,-0.1,Descendente
12802,2026-09-06,11:30:00,577.7,-0.2,Descendente
12803,2026-09-06,11:45:00,577.5,-0.2,Descendente
12804,2026-09-06,12:00:00,577.4,-0.1,Descendente
12805,2026-09-06,12:15:00,577.3,-0.1,Descendente
12806,2026-09-06,12:30:00,577.2,-0.1,Descendente
12807,2026-09-06,12:45:00,576.7,-0.5,Descendente
12808,2026-09-06,13:00:00,576.3,-0.4,Descendente
12809,2026-09-06,13:15:00,576.0,-0.3,Descendente
12810,2026-09-06,13:30:00,575.9,-0.1,Descendente
12811,2026-09-06,13:45:00,575.7,-0.2,Descendente
12812,2026-09-06,14:00:00,575.6,-0.1,Descendente
12813,2026-09-06,14:15:00,575.1,-0.5,Descendente
12814,2026-09-06,14:30:00,575.0,-0.1,Descendente
12815,2026-09-06,14:45:00,574.9,-0.1,Descendente
12816,2026-09-06,15:00:00,574.7,-0.2,Descendente
12817,2026-09-06,15:15:00,574.5,-0.2,Descendente
12818,2026-09-06,15:30:00,574.5,0.0,Estable
12819,2026-09-06,15:45:00,574.4,-0.1,Descendente
12820,2026-09-06,16:00:00,574.3,-0.1,Descendente
12821,2026-09-06,16:15:00,574.1,-0.2,Descendente
12822,2026-09-06,16:30:00,574.1,0.0,Estable
12823,2026-09-06,16:45:00,574.1,0.0,Estable
12824,2026-09-06,17:00:00,574.2,0.1,Creciente
12825,2026-09-06,17:15:00,574.4,0.2,Creciente
12826,2026-09-06,17:30:00,574.6,0.2,Creciente
12827,2026-09-06,17:45:00,574.7,0.1,Creciente
12828,2026-09-06,18:00:00,574.8,0.1,Creciente
12829,2026-09-06,18:15:00,575.1,0.3,Creciente
12830,2026-09-06,18:30:00,575.3,0.2,Creciente
12831,2026-09-06,18:45:00,575.4,0.1,Creciente
12832,2026-09-06,19:00:00,575.7,0.3,Creciente
12833,2026-09-06,19:15:00,576.1,0.4,Creciente
12834,2026-09-06,19:30:00,576.2,0.1,Creciente
12835,2026-09-06,19:45:00,576.3,0.1,Creciente
12836,2026-09-06,20:00:00,576.6,0.3,Creciente
12837,2026-09-06,20:15:00,577.1,0.5,Creciente
12838,2026-09-06,20:30:00,577.7,0.6,Creciente
12839,2026-09-06,20:45:00,577.9,0.2,Creciente
12840,2026-09-06,21:00:00,578.1,0.2,Creciente
12841,2026-09-06,21:15:00,578.3,0.2,Creciente
12842,2026-09-06,21:30:00,578.3,0.0,Estable
12843,2026-09-06,21:45:00,578.4,0.1,Creciente
12844,2026-09-06,22:00:00,578.5,0.1,Creciente
12845,2026-09-06,22:15:00,578.5,0.0,Estable
12846,2026-09-06,22:30:00,578.4,-0.1,Descendente
12847,2026-09-06,22:45:00,578.3,-0.1,Descendente
12848,2026-09-06,23:00:00,578.3,0.0,Estable
12849,2026-09-06,23:15:00,578.2,-0.1,Descendente
12850,2026-09-06,23:30:00,577.9,-0.3,Descendente
12851,2026-09-06,23:45:00,577.7,-0.2,Descendente
12852,2026-09-08,00:15:00,578.7,1.0,Creciente
12853,2026-09-08,00:30:00,578.6,-0.1,Descendente
12854,2026-09-08,00:45:00,578.7,0.1,Creciente
12855,2026-09-08,01:00:00,578.6,-0.1,Descendente
12856,2026-09-08,01:15:00,578.4,-0.2,Descendente
12857,2026-09-08,01:30:00,578.5,0.1,Creciente
12858,2026-09-08,01:45:00,578.4,-0.1,Descendente
12859,2026-09-08,02:00:00,578.3,-0.1,Descendente
12860,2026-09-08,02:15:00,578.3,0.0,Estable
12861,2026-09-08,02:30:00,578.1,-0.2,Descendente
12862,2026-09-08,02:45:00,577.8,-0.3,Descendente
12863,2026-09-08,03:00:00,577.7,-0.1,Descendente
12864,2026-09-08,03:15:00,577.6,-0.1,Descendente
12865,2026-09-08,03:30:00,577.6,0.0,Estable
12866,2026-09-08,03:45:00,577.5,-0.1,Descendente
12867,2026-09-08,04:00:00,577.4,-0.1,Descendente
12868,2026-09-08,04:15:00,577.5,0.1,Creciente
12869,2026-09-08,04:30:00,577.7,0.2,Creciente
12870,2026-09-08,04:45:00,577.7,0.0,Estable
12871,2026-09-08,05:00:00,577.7,0.0,Estable
12872,2026-09-08,05:15:00,577.8,0.1,Creciente
12873,2026-09-08,05:30:00,578.0,0.2,Creciente
12874,2026-09-08,05:45:00,578.1,0.1,Creciente
12875,2026-09-08,06:00:00,578.2,0.1,Creciente
12876,2026-09-08,06:15:00,578.3,0.1,Creciente
12877,2026-09-08,06:30:00,578.5,0.2,Creciente
12878,2026-09-08,06:45:00,578.7,0.2,Creciente
12879,2026-09-08,07:00:00,579.0,0.3,Creciente
12880,2026-09-08,07:15:00,579.0,0.0,Estable
12881,2026-09-08,07:30:00,579.0,0.0,Estable
12882,2026-09-08,07:45:00,579.1,0.1,Creciente
12883,2026-09-08,08:00:00,579.2,0.1,Creciente
12884,2026-09-08,08:15:00,579.4,0.2,Creciente
12885,2026-09-08,08:30:00,579.4,0.0,Estable
12886,2026-09-08,08:45:00,579.4,0.0,Estable
12887,2026-09-08,09:00:00,579.4,0.0,Estable
12888,2026-09-08,09:15:00,579.5,0.1,Creciente
12889,2026-09-08,09:30:00,579.6,0.1,Creciente
12890,2026-09-08,09:45:00,579.7,0.1,Creciente
12891,2026-09-08,10:00:00,579.7,0.0,Estable
12892,2026-09-08,10:15:00,579.7,0.0,Estable
12893,2026-09-08,10:30:00,579.7,0.0,Estable
12894,2026-09-08,10:45:00,579.7,0.0,Estable
12895,2026-09-08,11:00:00,579.6,-0.1,Descendente
12896,2026-09-08,11:15:00,579.7,0.1,Creciente
12897,2026-09-08,11:30:00,579.5,-0.2,Descendente
12898,2026-09-08,11:45:00,579.3,-0.2,Descendente
12899,2026-09-08,12:00:00,579.1,-0.2,Descendente
12900,2026-09-08,12:15:00,578.9,-0.2,Descendente
12901,2026-09-08,12:30:00,578.7,-0.2,Descendente
12902,2026-09-08,12:45:00,578.5,-0.2,Descendente
12903,2026-09-08,13:00:00,578.1,-0.4,Descendente
12904,2026-09-08,13:15:00,577.9,-0.2,Descendente
12905,2026-09-08,13:30:00,577.9,0.0,Estable
12906,2026-09-08,13:45:00,577.8,-0.1,Descendente
12907,2026-09-08,14:00:00,577.6,-0.2,Descendente
12908,2026-09-08,14:15:00,577.4,-0.2,Descendente
12909,2026-09-08,14:30:00,577.3,-0.1,Descendente
12910,2026-09-08,14:45:00,577.1,-0.2,Descendente
12911,2026-09-08,15:00:00,577.0,-0.1,Descendente
12912,2026-09-08,15:15:00,576.8,-0.2,Descendente
12913,2026-09-08,15:30:00,576.6,-0.2,Descendente
12914,2026-09-08,15:45:00,576.6,0.0,Estable
12915,2026-09-08,16:00:00,576.5,-0.1,Descendente
12916,2026-09-08,16:15:00,576.5,0.0,Estable
12917,2026-09-08,16:30:00,576.3,-0.2,Descendente
12918,2026-09-08,16:45:00,576.1,-0.2,Descendente
12919,2026-09-08,17:00:00,576.1,0.0,Estable
12920,2026-09-08,17:15:00,576.1,0.0,Estable
12921,2026-09-08,17:30:00,576.3,0.2,Creciente
12922,2026-09-08,17:45:00,576.4,0.1,Creciente
12923,2026-09-08,18:00:00,576.5,0.1,Creciente
12924,2026-09-08,18:15:00,576.8,0.3,Creciente
12925,2026-09-08,18:30:00,577.2,0.4,Creciente
12926,2026-09-08,18:45:00,577.5,0.3,Creciente
12927,2026-09-08,19:00:00,577.6,0.1,Creciente
12928,2026-09-08,19:15:00,577.7,0.1,Creciente
12929,2026-09-08,19:30:00,578.1,0.4,Creciente
12930,2026-09-08,19:45:00,578.4,0.3,Creciente
12931,2026-09-08,20:00:00,578.5,0.1,Creciente
12932,2026-09-08,20:15:00,578.9,0.4,Creciente
12933,2026-09-08,20:30:00,579.2,0.3,Creciente
12934,2026-09-08,20:45:00,579.2,0.0,Estable
12935,2026-09-08,21:00:00,579.3,0.1,Creciente
12936,2026-09-08,21:15:00,579.5,0.2,Creciente
12937,2026-09-08,21:30:00,579.6,0.1,Creciente
12938,2026-09-08,21:45:00,579.9,0.3,Creciente
12939,2026-09-08,22:00:00,579.9,0.0,Estable
12940,2026-09-08,22:15:00,580.2,0.3,Creciente
12941,2026-09-08,22:30:00,580.2,0.0,Estable
12942,2026-09-08,22:45:00,580.3,0.1,Creciente
12943,2026-09-08,23:00:00,580.1,-0.2,Descendente
12944,2026-09-08,23:15:00,580.2,0.1,Creciente
12945,2026-09-08,23:30:00,580.2,0.0,Estable
12946,2026-09-08,23:45:00,580.1,-0.1,Descendente
12947,2026-09-09,00:15:00,580.2,0.1,Creciente
12948,2026-09-09,00:30:00,580.0,-0.2,Descendente
12949,2026-09-09,00:45:00,580.0,0.0,Estable
12950,2026-09-09,01:00:00,579.9,-0.1,Descendente
12951,2026-09-09,01:15:00,579.9,0.0,Estable
12952,2026-09-09,01:30:00,579.7,-0.2,Descendente
12953,2026-09-09,01:45:00,579.6,-0.1,Descendente
12954,2026-09-09,02:00:00,579.4,-0.2,Descendente
12955,2026-09-09,02:15:00,579.5,0.1,Creciente
12956,2026-09-09,02:30:00,579.5,0.0,Estable
12957,2026-09-09,02:45:00,579.4,-0.1,Descendente
12958,2026-09-09,03:00:00,579.3,-0.1,Descendente
12959,2026-09-09,03:15:00,579.3,0.0,Estable
12960,2026-09-09,03:30:00,579.6,0.3,Creciente
12961,2026-09-09,03:45:00,579.7,0.1,Creciente
12962,2026-09-09,04:00:00,579.6,-0.1,Descendente
12963,2026-09-09,04:15:00,579.4,-0.2,Descendente
12964,2026-09-09,04:30:00,579.4,0.0,Estable
12965,2026-09-09,04:45:00,579.5,0.1,Creciente
12966,2026-09-09,05:00:00,579.5,0.0,Estable
12967,2026-09-09,05:15:00,579.5,0.0,Estable
12968,2026-09-09,05:30:00,579.5,0.0,Estable
12969,2026-09-09,05:45:00,579.8,0.3,Creciente
12970,2026-09-09,06:00:00,579.7,-0.1,Descendente
12971,2026-09-09,06:15:00,579.6,-0.1,Descendente
12972,2026-09-09,06:30:00,579.6,0.0,Estable
12973,2026-09-09,06:45:00,579.7,0.1,Creciente
12974,2026-09-09,07:00:00,579.9,0.2,Creciente
12975,2026-09-09,07:15:00,580.0,0.1,Creciente
12976,2026-09-09,07:30:00,580.0,0.0,Estable
12977,2026-09-09,07:45:00,580.2,0.2,Creciente
12978,2026-09-09,08:00:00,580.3,0.1,Creciente
12979,2026-09-09,08:15:00,580.4,0.1,Creciente
12980,2026-09-09,08:30:00,580.6,0.2,Creciente
12981,2026-09-09,08:45:00,580.5,-0.1,Descendente
12982,2026-09-09,09:00:00,580.5,0.0,Estable
12983,2026-09-09,09:15:00,580.5,0.0,Estable
12984,2026-09-09,09:30:00,580.4,-0.1,Descendente
12985,2026-09-09,09:45:00,580.5,0.1,Creciente
12986,2026-09-09,10:00:00,580.8,0.3,Creciente
12987,2026-09-09,10:15:00,580.6,-0.2,Descendente
12988,2026-09-09,10:30:00,580.6,0.0,Estable
12989,2026-09-09,10:45:00,580.5,-0.1,Descendente
12990,2026-09-09,11:00:00,580.4,-0.1,Descendente
12991,2026-09-09,11:15:00,580.3,-0.1,Descendente
12992,2026-09-09,11:30:00,580.0,-0.3,Descendente
12993,2026-09-09,11:45:00,580.0,0.0,Estable
12994,2026-09-09,12:00:00,579.9,-0.1,Descendente
12995,2026-09-09,12:15:00,579.6,-0.3,Descendente
12996,2026-09-09,12:30:00,579.4,-0.2,Descendente
12997,2026-09-09,12:45:00,579.2,-0.2,Descendente
12998,2026-09-09,13:00:00,578.9,-0.3,Descendente
12999,2026-09-09,13:15:00,578.8,-0.1,Descendente
13000,2026-09-09,13:30:00,578.5,-0.3,Descendente
13001,2026-09-09,13:45:00,578.1,-0.4,Descendente
13002,2026-09-09,14:00:00,577.9,-0.2,Descendente
13003,2026-09-09,14:15:00,577.7,-0.2,Descendente
13004,2026-09-09,14:30:00,577.4,-0.3,Descendente
13005,2026-09-09,14:45:00,577.2,-0.2,Descendente
13006,2026-09-09,15:00:00,577.1,-0.1,Descendente
13007,2026-09-09,15:15:00,577.0,-0.1,Descendente
13008,2026-09-09,15:30:00,576.9,-0.1,Descendente
13009,2026-09-09,15:45:00,576.8,-0.1,Descendente
13010,2026-09-09,16:00:00,576.8,0.0,Estable
13011,2026-09-09,16:15:00,576.8,0.0,Estable
13012,2026-09-09,16:30:00,576.9,0.1,Creciente
13013,2026-09-09,16:45:00,577.2,0.3,Creciente
13014,2026-09-09,17:00:00,577.4,0.2,Creciente
13015,2026-09-09,17:15:00,577.6,0.2,Creciente
13016,2026-09-09,17:30:00,577.7,0.1,Creciente
13017,2026-09-09,17:45:00,577.7,0.0,Estable
13018,2026-09-09,18:00:00,577.6,-0.1,Descendente
13019,2026-09-09,18:15:00,577.7,0.1,Creciente
13020,2026-09-09,18:30:00,577.8,0.1,Creciente
13021,2026-09-09,18:45:00,577.9,0.1,Creciente
13022,2026-09-09,19:00:00,578.1,0.2,Creciente
13023,2026-09-09,19:15:00,578.3,0.2,Creciente
13024,2026-09-09,19:30:00,578.5,0.2,Creciente
13025,2026-09-09,19:45:00,579.0,0.5,Creciente
13026,2026-09-09,20:00:00,579.2,0.2,Creciente
13027,2026-09-09,20:15:00,579.2,0.0,Estable
13028,2026-09-09,20:30:00,579.4,0.2,Creciente
13029,2026-09-09,20:45:00,579.7,0.3,Creciente
13030,2026-09-09,21:00:00,579.8,0.1,Creciente
13031,2026-09-09,21:15:00,579.9,0.1,Creciente
13032,2026-09-09,21:30:00,580.0,0.1,Creciente
13033,2026-09-09,21:45:00,580.1,0.1,Creciente
13034,2026-09-09,22:00:00,580.2,0.1,Creciente
13035,2026-09-09,22:15:00,580.3,0.1,Creciente
13036,2026-09-09,22:30:00,580.4,0.1,Creciente
13037,2026-09-09,22:45:00,580.3,-0.1,Descendente
13038,2026-09-09,23:00:00,580.4,0.1,Creciente
13039,2026-09-09,23:15:00,580.4,0.0,Estable
13040,2026-09-09,23:30:00,580.4,0.0,Estable
13041,2026-09-09,23:45:00,580.4,0.0,Estable
13042,2026-09-10,00:15:00,580.4,0.0,Estable
13043,2026-09-10,00:30:00,580.3,-0.1,Descendente
13044,2026-09-10,00:45:00,580.2,-0.1,Descendente
13045,2026-09-10,01:00:00,580.2,0.0,Estable
13046,2026-09-10,01:15:00,580.0,-0.2,Descendente
13047,2026-09-10,01:30:00,579.8,-0.2,Descendente
13048,2026-09-10,01:45:00,579.7,-0.1,Descendente
13049,2026-09-10,02:00:00,579.7,0.0,Estable
13050,2026-09-10,02:15:00,579.7,0.0,Estable
13051,2026-09-10,02:30:00,579.7,0.0,Estable
13052,2026-09-10,02:45:00,579.6,-0.1,Descendente
13053,2026-09-10,03:00:00,579.5,-0.1,Descendente
13054,2026-09-10,03:15:00,579.5,0.0,Estable
13055,2026-09-10,03:30:00,579.4,-0.1,Descendente
13056,2026-09-10,03:45:00,579.4,0.0,Estable
13057,2026-09-10,04:00:00,579.5,0.1,Creciente
13058,2026-09-10,04:15:00,579.5,0.0,Estable
13059,2026-09-10,04:30:00,579.6,0.1,Creciente
13060,2026-09-10,04:45:00,579.6,0.0,Estable
13061,2026-09-10,05:00:00,579.6,0.0,Estable
13062,2026-09-10,05:15:00,579.6,0.0,Estable
13063,2026-09-10,05:30:00,579.6,0.0,Estable
13064,2026-09-10,05:45:00,579.7,0.1,Creciente
13065,2026-09-10,06:00:00,579.7,0.0,Estable
13066,2026-09-10,06:15:00,579.8,0.1,Creciente
13067,2026-09-10,06:30:00,580.0,0.2,Creciente
13068,2026-09-10,06:45:00,580.2,0.2,Creciente
13069,2026-09-10,07:00:00,580.1,-0.1,Descendente
13070,2026-09-10,07:15:00,580.2,0.1,Creciente
13071,2026-09-10,07:30:00,580.1,-0.1,Descendente
13072,2026-09-10,07:45:00,580.2,0.1,Creciente
13073,2026-09-10,08:00:00,580.4,0.2,Creciente
13074,2026-09-10,08:15:00,580.4,0.0,Estable
13075,2026-09-10,08:30:00,580.4,0.0,Estable
13076,2026-09-10,08:45:00,580.4,0.0,Estable
13077,2026-09-10,09:00:00,580.4,0.0,Estable
13078,2026-09-10,09:15:00,580.4,0.0,Estable
13079,2026-09-10,09:30:00,580.4,0.0,Estable
13080,2026-09-10,09:45:00,580.4,0.0,Estable
13081,2026-09-10,10:00:00,580.4,0.0,Estable
13082,2026-09-10,10:15:00,580.3,-0.1,Descendente
13083,2026-09-10,10:30:00,580.1,-0.2,Descendente
13084,2026-09-10,10:45:00,580.2,0.1,Creciente
13085,2026-09-10,11:00:00,580.1,-0.1,Descendente
13086,2026-09-10,11:15:00,580.0,-0.1,Descendente
13087,2026-09-10,11:30:00,579.8,-0.2,Descendente
13088,2026-09-10,11:45:00,579.6,-0.2,Descendente
13089,2026-09-10,12:00:00,579.4,-0.2,Descendente
13090,2026-09-10,12:15:00,579.0,-0.4,Descendente
13091,2026-09-10,12:30:00,578.8,-0.2,Descendente
13092,2026-09-10,12:45:00,578.6,-0.2,Descendente
13093,2026-09-10,13:00:00,578.4,-0.2,Descendente
13094,2026-09-10,13:15:00,578.2,-0.2,Descendente
13095,2026-09-10,13:30:00,578.0,-0.2,Descendente
13096,2026-09-10,13:45:00,577.7,-0.3,Descendente
13097,2026-09-10,14:00:00,577.4,-0.3,Descendente
13098,2026-09-10,14:15:00,577.2,-0.2,Descendente
13099,2026-09-10,14:30:00,576.9,-0.3,Descendente
13100,2026-09-10,14:45:00,576.6,-0.3,Descendente
13101,2026-09-10,15:00:00,576.5,-0.1,Descendente
13102,2026-09-10,15:15:00,576.3,-0.2,Descendente
13103,2026-09-10,15:30:00,576.1,-0.2,Descendente
13104,2026-09-10,15:45:00,576.2,0.1,Creciente
13105,2026-09-10,16:00:00,576.6,0.4,Creciente
13106,2026-09-10,16:15:00,576.7,0.1,Creciente
13107,2026-09-10,16:30:00,576.7,0.0,Estable
13108,2026-09-10,16:45:00,576.6,-0.1,Descendente
13109,2026-09-10,17:00:00,576.5,-0.1,Descendente
13110,2026-09-10,17:15:00,576.4,-0.1,Descendente
13111,2026-09-10,17:30:00,576.3,-0.1,Descendente
13112,2026-09-10,17:45:00,576.3,0.0,Estable
13113,2026-09-10,18:00:00,576.5,0.2,Creciente
13114,2026-09-10,18:15:00,576.6,0.1,Creciente
13115,2026-09-10,18:30:00,576.7,0.1,Creciente
13116,2026-09-10,18:45:00,577.0,0.3,Creciente
13117,2026-09-10,19:00:00,577.1,0.1,Creciente
13118,2026-09-10,19:15:00,577.2,0.1,Creciente
13119,2026-09-10,19:30:00,577.5,0.3,Creciente
13120,2026-09-10,19:45:00,577.6,0.1,Creciente
13121,2026-09-10,20:00:00,577.8,0.2,Creciente
13122,2026-09-10,20:15:00,577.9,0.1,Creciente
13123,2026-09-10,20:30:00,578.1,0.2,Creciente
13124,2026-09-10,20:45:00,578.2,0.1,Creciente
13125,2026-09-10,21:00:00,578.6,0.4,Creciente
13126,2026-09-10,21:15:00,578.9,0.3,Creciente
13127,2026-09-10,21:30:00,578.9,0.0,Estable
13128,2026-09-10,21:45:00,579.0,0.1,Creciente
13129,2026-09-10,22:00:00,579.2,0.2,Creciente
13130,2026-09-10,22:15:00,579.2,0.0,Estable
13131,2026-09-10,22:30:00,579.1,-0.1,Descendente
13132,2026-09-10,22:45:00,579.2,0.1,Creciente
13133,2026-09-10,23:00:00,579.2,0.0,Estable
13134,2026-09-10,23:15:00,579.2,0.0,Estable
13135,2026-09-10,23:30:00,579.3,0.1,Creciente
13136,2026-09-10,23:45:00,579.3,0.0,Estable
13137,2026-09-11,00:15:00,579.1,-0.2,Descendente
13138,2026-09-11,00:30:00,579.0,-0.1,Descendente
13139,2026-09-11,00:45:00,579.0,0.0,Estable
13140,2026-09-11,01:00:00,578.9,-0.1,Descendente
13141,2026-09-11,01:15:00,578.8,-0.1,Descendente
13142,2026-09-11,01:30:00,578.8,0.0,Estable
13143,2026-09-11,01:45:00,578.8,0.0,Estable
13144,2026-09-11,02:00:00,578.7,-0.1,Descendente
13145,2026-09-11,02:15:00,578.6,-0.1,Descendente
13146,2026-09-11,02:30:00,578.5,-0.1,Descendente
13147,2026-09-11,02:45:00,578.5,0.0,Estable
13148,2026-09-11,03:00:00,578.5,0.0,Estable
13149,2026-09-11,03:15:00,578.3,-0.2,Descendente
13150,2026-09-11,03:30:00,578.3,0.0,Estable
13151,2026-09-11,03:45:00,578.4,0.1,Creciente
13152,2026-09-11,04:00:00,578.4,0.0,Estable
13153,2026-09-11,04:15:00,578.4,0.0,Estable
13154,2026-09-11,04:30:00,578.4,0.0,Estable
13155,2026-09-11,04:45:00,578.5,0.1,Creciente
13156,2026-09-11,05:00:00,578.6,0.1,Creciente
13157,2026-09-11,05:15:00,578.6,0.0,Estable
13158,2026-09-11,05:30:00,578.7,0.1,Creciente
13159,2026-09-11,05:45:00,578.7,0.0,Estable
13160,2026-09-11,06:00:00,578.8,0.1,Creciente
13161,2026-09-11,06:15:00,578.8,0.0,Estable
13162,2026-09-11,06:30:00,578.7,-0.1,Descendente
13163,2026-09-11,06:45:00,578.7,0.0,Estable
13164,2026-09-11,07:00:00,578.8,0.1,Creciente
13165,2026-09-11,07:15:00,578.6,-0.2,Descendente
13166,2026-09-11,07:30:00,578.7,0.1,Creciente
13167,2026-09-11,07:45:00,578.8,0.1,Creciente
13168,2026-09-11,08:00:00,579.0,0.2,Creciente
13169,2026-09-11,08:15:00,579.0,0.0,Estable
13170,2026-09-11,08:30:00,579.2,0.2,Creciente
13171,2026-09-11,08:45:00,579.3,0.1,Creciente
13172,2026-09-11,09:00:00,579.5,0.2,Creciente
13173,2026-09-11,09:15:00,579.4,-0.1,Descendente
13174,2026-09-11,09:30:00,579.3,-0.1,Descendente
13175,2026-09-11,09:45:00,579.1,-0.2,Descendente
13176,2026-09-11,10:00:00,579.2,0.1,Creciente
13177,2026-09-11,10:15:00,579.1,-0.1,Descendente
13178,2026-09-11,10:30:00,579.2,0.1,Creciente
13179,2026-09-11,10:45:00,579.1,-0.1,Descendente
13180,2026-09-11,11:00:00,579.0,-0.1,Descendente
13181,2026-09-11,11:15:00,578.7,-0.3,Descendente
13182,2026-09-11,11:30:00,578.2,-0.5,Descendente
13183,2026-09-11,11:45:00,578.0,-0.2,Descendente
13184,2026-09-11,12:00:00,577.7,-0.3,Descendente
13185,2026-09-11,12:15:00,577.5,-0.2,Descendente
13186,2026-09-11,12:30:00,577.3,-0.2,Descendente
13187,2026-09-11,12:45:00,577.2,-0.1,Descendente
13188,2026-09-11,13:00:00,577.0,-0.2,Descendente
13189,2026-09-11,13:15:00,576.7,-0.3,Descendente
13190,2026-09-11,13:30:00,576.7,0.0,Estable
13191,2026-09-11,13:45:00,576.4,-0.3,Descendente
13192,2026-09-11,14:00:00,576.1,-0.3,Descendente
13193,2026-09-11,14:15:00,575.8,-0.3,Descendente
13194,2026-09-11,14:30:00,575.7,-0.1,Descendente
13195,2026-09-11,14:45:00,575.5,-0.2,Descendente
13196,2026-09-11,15:00:00,575.3,-0.2,Descendente
13197,2026-09-11,15:15:00,575.2,-0.1,Descendente
13198,2026-09-11,15:30:00,575.1,-0.1,Descendente
13199,2026-09-11,15:45:00,575.1,0.0,Estable
13200,2026-09-11,16:00:00,574.9,-0.2,Descendente
13201,2026-09-11,16:15:00,574.7,-0.2,Descendente
13202,2026-09-11,16:30:00,574.5,-0.2,Descendente
13203,2026-09-11,16:45:00,574.6,0.1,Creciente
13204,2026-09-11,17:00:00,574.6,0.0,Estable
13205,2026-09-11,17:15:00,574.6,0.0,Estable
13206,2026-09-11,17:30:00,574.6,0.0,Estable
13207,2026-09-11,17:45:00,574.9,0.3,Creciente
13208,2026-09-11,18:00:00,574.8,-0.1,Descendente
13209,2026-09-11,18:15:00,575.3,0.5,Creciente
13210,2026-09-11,18:30:00,575.7,0.4,Creciente
13211,2026-09-11,18:45:00,576.2,0.5,Creciente
13212,2026-09-11,19:00:00,576.3,0.1,Creciente
13213,2026-09-11,19:15:00,576.7,0.4,Creciente
13214,2026-09-11,19:30:00,576.8,0.1,Creciente
13215,2026-09-11,19:45:00,576.9,0.1,Creciente
13216,2026-09-11,20:00:00,576.6,-0.3,Descendente
13217,2026-09-11,20:15:00,576.7,0.1,Creciente
13218,2026-09-11,20:30:00,577.1,0.4,Creciente
13219,2026-09-11,20:45:00,577.4,0.3,Creciente
13220,2026-09-11,21:00:00,577.7,0.3,Creciente
13221,2026-09-11,21:15:00,577.7,0.0,Estable
13222,2026-09-11,21:30:00,577.9,0.2,Creciente
13223,2026-09-11,21:45:00,577.9,0.0,Estable
13224,2026-09-11,22:00:00,577.9,0.0,Estable
13225,2026-09-11,22:15:00,577.9,0.0,Estable
13226,2026-09-11,22:30:00,578.1,0.2,Creciente
13227,2026-09-11,22:45:00,578.1,0.0,Estable
13228,2026-09-11,23:00:00,577.8,-0.3,Descendente
13229,2026-09-11,23:15:00,577.9,0.1,Creciente
13230,2026-09-11,23:30:00,578.0,0.1,Creciente
13231,2026-09-11,23:45:00,578.1,0.1,Creciente
13232,2026-09-12,00:15:00,577.9,-0.2,Descendente
13233,2026-09-12,00:30:00,577.7,-0.2,Descendente
13234,2026-09-12,00:45:00,577.6,-0.1,Descendente
13235,2026-09-12,01:00:00,577.7,0.1,Creciente
13236,2026-09-12,01:15:00,577.8,0.1,Creciente
13237,2026-09-12,01:30:00,577.5,-0.3,Descendente
13238,2026-09-12,01:45:00,577.5,0.0,Estable
13239,2026-09-12,02:00:00,577.4,-0.1,Descendente
13240,2026-09-12,02:15:00,577.3,-0.1,Descendente
13241,2026-09-12,02:30:00,577.2,-0.1,Descendente
13242,2026-09-12,02:45:00,577.1,-0.1,Descendente
13243,2026-09-12,03:00:00,577.0,-0.1,Descendente
13244,2026-09-12,03:15:00,576.9,-0.1,Descendente
13245,2026-09-12,03:30:00,576.9,0.0,Estable
13246,2026-09-12,03:45:00,576.9,0.0,Estable
13247,2026-09-12,04:00:00,576.9,0.0,Estable
13248,2026-09-12,04:15:00,576.9,0.0,Estable
13249,2026-09-12,04:30:00,576.9,0.0,Estable
13250,2026-09-12,04:45:00,576.9,0.0,Estable
13251,2026-09-12,05:00:00,577.1,0.2,Creciente
13252,2026-09-12,05:15:00,577.1,0.0,Estable
13253,2026-09-12,05:30:00,577.3,0.2,Creciente
13254,2026-09-12,05:45:00,577.5,0.2,Creciente
13255,2026-09-12,06:00:00,577.5,0.0,Estable
13256,2026-09-12,06:15:00,577.6,0.1,Creciente
13257,2026-09-12,06:30:00,577.7,0.1,Creciente
13258,2026-09-12,06:45:00,577.8,0.1,Creciente
13259,2026-09-12,07:00:00,577.9,0.1,Creciente
13260,2026-09-12,07:15:00,578.1,0.2,Creciente
13261,2026-09-12,07:30:00,578.1,0.0,Estable
13262,2026-09-12,07:45:00,578.3,0.2,Creciente
13263,2026-09-12,08:00:00,578.5,0.2,Creciente
13264,2026-09-12,08:15:00,578.6,0.1,Creciente
13265,2026-09-12,08:30:00,578.7,0.1,Creciente
13266,2026-09-12,08:45:00,578.8,0.1,Creciente
13267,2026-09-12,09:00:00,578.8,0.0,Estable
13268,2026-09-12,09:15:00,578.7,-0.1,Descendente
13269,2026-09-12,09:30:00,578.8,0.1,Creciente
13270,2026-09-12,09:45:00,578.8,0.0,Estable
13271,2026-09-12,10:00:00,578.8,0.0,Estable
13272,2026-09-12,10:15:00,578.8,0.0,Estable
13273,2026-09-12,10:30:00,578.7,-0.1,Descendente
13274,2026-09-12,10:45:00,578.6,-0.1,Descendente
13275,2026-09-12,11:00:00,578.4,-0.2,Descendente
13276,2026-09-12,11:15:00,578.4,0.0,Estable
13277,2026-09-12,11:30:00,578.3,-0.1,Descendente
13278,2026-09-12,11:45:00,578.1,-0.2,Descendente
13279,2026-09-12,12:00:00,578.0,-0.1,Descendente
13280,2026-09-12,12:15:00,577.7,-0.3,Descendente
13281,2026-09-12,12:30:00,577.4,-0.3,Descendente
13282,2026-09-12,12:45:00,577.3,-0.1,Descendente
13283,2026-09-12,13:00:00,577.1,-0.2,Descendente
13284,2026-09-12,13:15:00,576.9,-0.2,Descendente
13285,2026-09-12,13:30:00,576.6,-0.3,Descendente
13286,2026-09-12,13:45:00,576.3,-0.3,Descendente
13287,2026-09-12,14:00:00,576.1,-0.2,Descendente
13288,2026-09-12,14:15:00,575.8,-0.3,Descendente
13289,2026-09-12,14:30:00,575.6,-0.2,Descendente
13290,2026-09-12,14:45:00,575.2,-0.4,Descendente
13291,2026-09-12,15:00:00,575.1,-0.1,Descendente
13292,2026-09-12,15:15:00,575.0,-0.1,Descendente
13293,2026-09-12,15:30:00,575.0,0.0,Estable
13294,2026-09-12,15:45:00,575.2,0.2,Creciente
13295,2026-09-12,16:00:00,575.5,0.3,Creciente
13296,2026-09-12,16:15:00,575.8,0.3,Creciente
13297,2026-09-12,16:30:00,575.6,-0.2,Descendente
13298,2026-09-12,16:45:00,575.9,0.3,Creciente
13299,2026-09-12,17:00:00,576.3,0.4,Creciente
13300,2026-09-12,17:15:00,576.5,0.2,Creciente
13301,2026-09-12,17:30:00,577.0,0.5,Creciente
13302,2026-09-12,17:45:00,577.0,0.0,Estable
13303,2026-09-12,18:00:00,577.2,0.2,Creciente
13304,2026-09-12,18:15:00,577.5,0.3,Creciente
13305,2026-09-12,18:30:00,577.7,0.2,Creciente
13306,2026-09-12,18:45:00,578.0,0.3,Creciente
13307,2026-09-12,19:00:00,578.2,0.2,Creciente
13308,2026-09-12,19:15:00,578.1,-0.1,Descendente
13309,2026-09-12,19:30:00,578.1,0.0,Estable
13310,2026-09-12,19:45:00,578.0,-0.1,Descendente
13311,2026-09-12,20:00:00,577.6,-0.4,Descendente
13312,2026-09-12,20:15:00,577.6,0.0,Estable
13313,2026-09-12,20:30:00,577.6,0.0,Estable
13314,2026-09-12,20:45:00,577.7,0.1,Creciente
13315,2026-09-12,21:00:00,577.7,0.0,Estable
13316,2026-09-12,21:15:00,577.9,0.2,Creciente
13317,2026-09-12,21:30:00,578.2,0.3,Creciente
13318,2026-09-12,21:45:00,578.5,0.3,Creciente
13319,2026-09-12,22:00:00,578.6,0.1,Creciente
13320,2026-09-12,22:15:00,578.5,-0.1,Descendente
13321,2026-09-12,22:30:00,578.6,0.1,Creciente
13322,2026-09-12,22:45:00,578.5,-0.1,Descendente
13323,2026-09-12,23:00:00,578.5,0.0,Estable
13324,2026-09-12,23:15:00,578.6,0.1,Creciente
13325,2026-09-12,23:30:00,578.6,0.0,Estable
13326,2026-09-12,23:45:00,578.7,0.1,Creciente
13327,2026-09-13,00:15:00,578.4,-0.3,Descendente
13328,2026-09-13,00:30:00,578.3,-0.1,Descendente
13329,2026-09-13,00:45:00,578.1,-0.2,Descendente
13330,2026-09-13,01:00:00,577.9,-0.2,Descendente
13331,2026-09-13,01:15:00,577.9,0.0,Estable
13332,2026-09-13,01:30:00,577.9,0.0,Estable
13333,2026-09-13,01:45:00,577.9,0.0,Estable
13334,2026-09-13,02:00:00,577.8,-0.1,Descendente
13335,2026-09-13,02:15:00,577.6,-0.2,Descendente
13336,2026-09-13,02:30:00,577.6,0.0,Estable
13337,2026-09-13,02:45:00,577.7,0.1,Creciente
13338,2026-09-13,03:00:00,577.8,0.1,Creciente
13339,2026-09-13,03:15:00,577.7,-0.1,Descendente
13340,2026-09-13,03:30:00,577.7,0.0,Estable
13341,2026-09-13,03:45:00,577.7,0.0,Estable
13342,2026-09-13,04:00:00,577.8,0.1,Creciente
13343,2026-09-13,04:15:00,577.8,0.0,Estable
13344,2026-09-13,04:30:00,577.8,0.0,Estable
13345,2026-09-13,04:45:00,577.7,-0.1,Descendente
13346,2026-09-13,05:00:00,577.6,-0.1,Descendente
13347,2026-09-13,05:15:00,577.6,0.0,Estable
13348,2026-09-13,05:30:00,577.7,0.1,Creciente
13349,2026-09-13,05:45:00,577.8,0.1,Creciente
13350,2026-09-13,06:00:00,577.7,-0.1,Descendente
13351,2026-09-13,06:15:00,578.1,0.4,Creciente
13352,2026-09-13,06:30:00,578.3,0.2,Creciente
13353,2026-09-13,06:45:00,578.3,0.0,Estable
13354,2026-09-13,07:00:00,578.5,0.2,Creciente
13355,2026-09-13,07:15:00,578.5,0.0,Estable
13356,2026-09-13,07:30:00,578.7,0.2,Creciente
13357,2026-09-13,07:45:00,578.9,0.2,Creciente
13358,2026-09-13,08:00:00,579.0,0.1,Creciente
13359,2026-09-13,08:15:00,579.0,0.0,Estable
13360,2026-09-13,08:30:00,579.4,0.4,Creciente
13361,2026-09-13,08:45:00,579.5,0.1,Creciente
13362,2026-09-13,09:00:00,579.2,-0.3,Descendente
13363,2026-09-13,09:15:00,579.1,-0.1,Descendente
13364,2026-09-13,09:30:00,579.0,-0.1,Descendente
13365,2026-09-13,09:45:00,579.1,0.1,Creciente
13366,2026-09-13,10:00:00,578.9,-0.2,Descendente
13367,2026-09-13,10:15:00,579.0,0.1,Creciente
13368,2026-09-13,10:30:00,578.8,-0.2,Descendente
13369,2026-09-13,10:45:00,578.7,-0.1,Descendente
13370,2026-09-13,11:00:00,578.6,-0.1,Descendente
13371,2026-09-13,11:15:00,578.5,-0.1,Descendente
13372,2026-09-13,11:30:00,578.4,-0.1,Descendente
13373,2026-09-13,11:45:00,578.3,-0.1,Descendente
13374,2026-09-13,12:00:00,578.1,-0.2,Descendente
13375,2026-09-13,12:15:00,578.1,0.0,Estable
13376,2026-09-13,12:30:00,578.0,-0.1,Descendente
13377,2026-09-13,12:45:00,577.8,-0.2,Descendente
13378,2026-09-13,13:00:00,577.7,-0.1,Descendente
13379,2026-09-13,13:15:00,577.4,-0.3,Descendente
13380,2026-09-13,13:30:00,577.1,-0.3,Descendente
13381,2026-09-13,13:45:00,576.7,-0.4,Descendente
13382,2026-09-13,14:00:00,576.3,-0.4,Descendente
13383,2026-09-13,14:15:00,576.2,-0.1,Descendente
13384,2026-09-13,14:30:00,575.9,-0.3,Descendente
13385,2026-09-13,14:45:00,575.8,-0.1,Descendente
13386,2026-09-13,15:00:00,575.6,-0.2,Descendente
13387,2026-09-13,15:15:00,575.4,-0.2,Descendente
13388,2026-09-13,15:30:00,575.3,-0.1,Descendente
13389,2026-09-13,15:45:00,575.1,-0.2,Descendente
13390,2026-09-13,16:00:00,575.0,-0.1,Descendente
13391,2026-09-13,16:15:00,574.8,-0.2,Descendente
13392,2026-09-13,16:30:00,574.8,0.0,Estable
13393,2026-09-13,16:45:00,574.9,0.1,Creciente
13394,2026-09-13,17:00:00,575.2,0.3,Creciente
13395,2026-09-13,17:15:00,575.2,0.0,Estable
13396,2026-09-13,17:30:00,575.5,0.3,Creciente
13397,2026-09-13,17:45:00,575.5,0.0,Estable
13398,2026-09-13,18:00:00,575.5,0.0,Estable
13399,2026-09-13,18:15:00,575.6,0.1,Creciente
13400,2026-09-13,18:30:00,575.7,0.1,Creciente
13401,2026-09-13,18:45:00,575.9,0.2,Creciente
13402,2026-09-13,19:00:00,576.2,0.3,Creciente
13403,2026-09-13,19:15:00,576.3,0.1,Creciente
13404,2026-09-13,19:30:00,576.5,0.2,Creciente
13405,2026-09-13,19:45:00,576.7,0.2,Creciente
13406,2026-09-13,20:00:00,577.2,0.5,Creciente
13407,2026-09-13,20:15:00,577.7,0.5,Creciente
13408,2026-09-13,20:30:00,577.7,0.0,Estable
13409,2026-09-13,20:45:00,578.1,0.4,Creciente
13410,2026-09-13,21:00:00,578.6,0.5,Creciente
13411,2026-09-13,21:15:00,578.8,0.2,Creciente
13412,2026-09-13,21:30:00,578.9,0.1,Creciente
13413,2026-09-13,21:45:00,579.0,0.1,Creciente
13414,2026-09-13,22:00:00,579.1,0.1,Creciente
13415,2026-09-13,22:15:00,578.9,-0.2,Descendente
13416,2026-09-13,22:30:00,578.9,0.0,Estable
13417,2026-09-13,22:45:00,579.0,0.1,Creciente
13418,2026-09-13,23:00:00,578.8,-0.2,Descendente
13419,2026-09-13,23:15:00,578.6,-0.2,Descendente
13420,2026-09-13,23:30:00,578.6,0.0,Estable
13421,2026-09-13,23:45:00,578.6,0.0,Estable
13422,2026-09-14,00:15:00,578.4,-0.2,Descendente
13423,2026-09-14,00:30:00,578.5,0.1,Creciente
13424,2026-09-14,00:45:00,578.6,0.1,Creciente
13425,2026-09-14,01:00:00,578.6,0.0,Estable
13426,2026-09-14,01:15:00,578.7,0.1,Creciente
13427,2026-09-14,01:30:00,578.6,-0.1,Descendente
13428,2026-09-14,01:45:00,578.4,-0.2,Descendente
13429,2026-09-14,02:00:00,578.4,0.0,Estable
13430,2026-09-14,02:15:00,578.2,-0.2,Descendente
13431,2026-09-14,02:30:00,578.0,-0.2,Descendente
13432,2026-09-14,02:45:00,577.9,-0.1,Descendente
13433,2026-09-14,03:00:00,577.9,0.0,Estable
13434,2026-09-14,03:15:00,577.9,0.0,Estable
13435,2026-09-14,03:30:00,577.9,0.0,Estable
13436,2026-09-14,03:45:00,578.2,0.3,Creciente
13437,2026-09-14,04:00:00,578.1,-0.1,Descendente
13438,2026-09-14,04:15:00,578.2,0.1,Creciente
13439,2026-09-14,04:30:00,578.2,0.0,Estable
13440,2026-09-14,04:45:00,578.3,0.1,Creciente
13441,2026-09-14,05:00:00,578.4,0.1,Creciente
13442,2026-09-14,05:15:00,578.4,0.0,Estable
13443,2026-09-14,05:30:00,578.4,0.0,Estable
13444,2026-09-14,05:45:00,578.5,0.1,Creciente
13445,2026-09-14,06:00:00,578.8,0.3,Creciente
13446,2026-09-14,06:15:00,578.8,0.0,Estable
13447,2026-09-14,06:30:00,579.1,0.3,Creciente
13448,2026-09-14,06:45:00,579.1,0.0,Estable
13449,2026-09-14,07:00:00,579.3,0.2,Creciente
13450,2026-09-14,07:15:00,579.3,0.0,Estable
13451,2026-09-14,07:30:00,579.5,0.2,Creciente
13452,2026-09-14,07:45:00,579.6,0.1,Creciente
13453,2026-09-14,08:00:00,579.6,0.0,Estable
13454,2026-09-14,08:15:00,579.5,-0.1,Descendente
13455,2026-09-14,08:30:00,579.4,-0.1,Descendente
13456,2026-09-14,08:45:00,579.5,0.1,Creciente
13457,2026-09-14,09:00:00,579.7,0.2,Creciente
13458,2026-09-14,09:15:00,579.7,0.0,Estable
13459,2026-09-14,09:30:00,579.8,0.1,Creciente
13460,2026-09-14,09:45:00,579.7,-0.1,Descendente
13461,2026-09-14,10:00:00,579.7,0.0,Estable
13462,2026-09-14,10:15:00,579.6,-0.1,Descendente
13463,2026-09-14,10:30:00,579.5,-0.1,Descendente
13464,2026-09-14,10:45:00,579.4,-0.1,Descendente
13465,2026-09-14,11:00:00,579.4,0.0,Estable
13466,2026-09-14,11:15:00,579.1,-0.3,Descendente
13467,2026-09-14,11:30:00,579.0,-0.1,Descendente
13468,2026-09-14,11:45:00,578.9,-0.1,Descendente
13469,2026-09-14,12:00:00,578.8,-0.1,Descendente
13470,2026-09-14,12:15:00,578.5,-0.3,Descendente
13471,2026-09-14,12:30:00,578.3,-0.2,Descendente
13472,2026-09-14,12:45:00,577.9,-0.4,Descendente
13473,2026-09-14,13:00:00,577.6,-0.3,Descendente
13474,2026-09-14,13:15:00,577.4,-0.2,Descendente
13475,2026-09-14,13:30:00,577.2,-0.2,Descendente
13476,2026-09-14,13:45:00,577.1,-0.1,Descendente
13477,2026-09-14,14:00:00,576.7,-0.4,Descendente
13478,2026-09-14,14:15:00,576.4,-0.3,Descendente
13479,2026-09-14,14:30:00,576.2,-0.2,Descendente
13480,2026-09-14,14:45:00,576.0,-0.2,Descendente
13481,2026-09-14,15:00:00,575.8,-0.2,Descendente
13482,2026-09-14,15:15:00,575.6,-0.2,Descendente
13483,2026-09-14,15:30:00,575.6,0.0,Estable
13484,2026-09-14,15:45:00,575.5,-0.1,Descendente
13485,2026-09-14,16:00:00,576.2,0.7,Creciente
13486,2026-09-14,16:15:00,576.5,0.3,Creciente
13487,2026-09-14,16:30:00,576.4,-0.1,Descendente
13488,2026-09-14,16:45:00,576.4,0.0,Estable
13489,2026-09-14,17:00:00,576.5,0.1,Creciente
13490,2026-09-14,17:15:00,576.4,-0.1,Descendente
13491,2026-09-14,17:30:00,576.4,0.0,Estable
13492,2026-09-14,17:45:00,576.5,0.1,Creciente
13493,2026-09-14,18:00:00,576.4,-0.1,Descendente
13494,2026-09-14,18:15:00,576.4,0.0,Estable
13495,2026-09-14,18:30:00,576.6,0.2,Creciente
13496,2026-09-14,18:45:00,576.7,0.1,Creciente
13497,2026-09-14,19:00:00,577.0,0.3,Creciente
13498,2026-09-14,19:15:00,577.1,0.1,Creciente
13499,2026-09-14,19:30:00,577.2,0.1,Creciente
13500,2026-09-14,19:45:00,577.3,0.1,Creciente
13501,2026-09-14,20:00:00,577.4,0.1,Creciente
13502,2026-09-14,20:15:00,577.5,0.1,Creciente
13503,2026-09-14,20:30:00,577.9,0.4,Creciente
13504,2026-09-14,20:45:00,578.0,0.1,Creciente
13505,2026-09-14,21:00:00,578.5,0.5,Creciente
13506,2026-09-14,21:15:00,578.6,0.1,Creciente
13507,2026-09-14,21:30:00,578.9,0.3,Creciente
13508,2026-09-14,21:45:00,579.0,0.1,Creciente
13509,2026-09-14,22:00:00,578.9,-0.1,Descendente
13510,2026-09-14,22:15:00,578.9,0.0,Estable
13511,2026-09-14,22:30:00,578.8,-0.1,Descendente
13512,2026-09-14,22:45:00,578.7,-0.1,Descendente
13513,2026-09-14,23:00:00,578.8,0.1,Creciente
13514,2026-09-14,23:15:00,578.8,0.0,Estable
13515,2026-09-14,23:30:00,578.7,-0.1,Descendente
13516,2026-09-14,23:45:00,578.7,0.0,Estable
13517,2026-09-17,00:15:00,580.9,2.2,Creciente
13518,2026-09-17,00:30:00,580.8,-0.1,Descendente
13519,2026-09-17,00:45:00,580.8,0.0,Estable
13520,2026-09-17,01:00:00,580.6,-0.2,Descendente
13521,2026-09-17,01:15:00,580.4,-0.2,Descendente
13522,2026-09-17,01:30:00,580.3,-0.1,Descendente
13523,2026-09-17,01:45:00,580.4,0.1,Creciente
13524,2026-09-17,02:00:00,580.2,-0.2,Descendente
13525,2026-09-17,02:15:00,580.2,0.0,Estable
13526,2026-09-17,02:30:00,580.1,-0.1,Descendente
13527,2026-09-17,02:45:00,580.1,0.0,Estable
13528,2026-09-17,03:00:00,580.1,0.0,Estable
13529,2026-09-17,03:15:00,580.0,-0.1,Descendente
13530,2026-09-17,03:30:00,580.0,0.0,Estable
13531,2026-09-17,03:45:00,579.9,-0.1,Descendente
13532,2026-09-17,04:00:00,579.8,-0.1,Descendente
13533,2026-09-17,04:15:00,580.0,0.2,Creciente
13534,2026-09-17,04:30:00,579.9,-0.1,Descendente
13535,2026-09-17,04:45:00,580.0,0.1,Creciente
13536,2026-09-17,05:00:00,580.3,0.3,Creciente
13537,2026-09-17,05:15:00,580.3,0.0,Estable
13538,2026-09-17,05:30:00,580.4,0.1,Creciente
13539,2026-09-17,05:45:00,580.6,0.2,Creciente
13540,2026-09-17,06:00:00,580.7,0.1,Creciente
13541,2026-09-17,06:15:00,580.7,0.0,Estable
13542,2026-09-17,06:30:00,580.6,-0.1,Descendente
13543,2026-09-17,06:45:00,580.5,-0.1,Descendente
13544,2026-09-17,07:00:00,580.5,0.0,Estable
13545,2026-09-17,07:15:00,580.7,0.2,Creciente
13546,2026-09-17,07:30:00,580.7,0.0,Estable
13547,2026-09-17,07:45:00,581.1,0.4,Creciente
13548,2026-09-17,08:00:00,581.1,0.0,Estable
13549,2026-09-17,08:15:00,581.1,0.0,Estable
13550,2026-09-17,08:30:00,581.2,0.1,Creciente
13551,2026-09-17,08:45:00,581.2,0.0,Estable
13552,2026-09-17,09:00:00,581.2,0.0,Estable
13553,2026-09-17,09:15:00,581.1,-0.1,Descendente
13554,2026-09-17,09:30:00,580.9,-0.2,Descendente
13555,2026-09-17,09:45:00,580.9,0.0,Estable
13556,2026-09-17,10:00:00,580.8,-0.1,Descendente
13557,2026-09-17,10:15:00,580.8,0.0,Estable
13558,2026-09-17,10:30:00,580.7,-0.1,Descendente
13559,2026-09-17,10:45:00,580.6,-0.1,Descendente
13560,2026-09-17,11:00:00,580.6,0.0,Estable
13561,2026-09-17,11:15:00,580.4,-0.2,Descendente
13562,2026-09-17,11:30:00,580.1,-0.3,Descendente
13563,2026-09-17,11:45:00,580.0,-0.1,Descendente
13564,2026-09-17,12:00:00,580.0,0.0,Estable
13565,2026-09-17,12:15:00,579.8,-0.2,Descendente
13566,2026-09-17,12:30:00,579.8,0.0,Estable
13567,2026-09-17,12:45:00,579.5,-0.3,Descendente
13568,2026-09-17,13:00:00,579.3,-0.2,Descendente
13569,2026-09-17,13:15:00,579.0,-0.3,Descendente
13570,2026-09-17,13:30:00,579.0,0.0,Estable
13571,2026-09-17,13:45:00,578.7,-0.3,Descendente
13572,2026-09-17,14:00:00,578.8,0.1,Creciente
13573,2026-09-17,14:15:00,578.8,0.0,Estable
13574,2026-09-17,14:30:00,578.8,0.0,Estable
13575,2026-09-17,14:45:00,578.6,-0.2,Descendente
13576,2026-09-17,15:00:00,578.4,-0.2,Descendente
13577,2026-09-17,15:15:00,578.1,-0.3,Descendente
13578,2026-09-17,15:30:00,578.0,-0.1,Descendente
13579,2026-09-17,15:45:00,577.8,-0.2,Descendente
13580,2026-09-17,16:00:00,577.7,-0.1,Descendente
13581,2026-09-17,16:15:00,577.5,-0.2,Descendente
13582,2026-09-17,16:30:00,577.5,0.0,Estable
13583,2026-09-17,16:45:00,577.6,0.1,Creciente
13584,2026-09-17,17:00:00,577.5,-0.1,Descendente
13585,2026-09-17,17:15:00,577.6,0.1,Creciente
13586,2026-09-17,17:30:00,577.9,0.3,Creciente
13587,2026-09-17,17:45:00,577.9,0.0,Estable
13588,2026-09-17,18:00:00,578.1,0.2,Creciente
13589,2026-09-17,18:15:00,578.5,0.4,Creciente
13590,2026-09-17,18:30:00,578.4,-0.1,Descendente
13591,2026-09-17,18:45:00,578.6,0.2,Creciente
13592,2026-09-17,19:00:00,578.8,0.2,Creciente
13593,2026-09-17,19:15:00,579.0,0.2,Creciente
13594,2026-09-17,19:30:00,579.1,0.1,Creciente
13595,2026-09-17,19:45:00,579.6,0.5,Creciente
13596,2026-09-17,20:00:00,579.8,0.2,Creciente
13597,2026-09-17,20:15:00,580.1,0.3,Creciente
13598,2026-09-17,20:30:00,580.4,0.3,Creciente
13599,2026-09-17,20:45:00,580.6,0.2,Creciente
13600,2026-09-17,21:00:00,580.6,0.0,Estable
13601,2026-09-17,21:15:00,581.0,0.4,Creciente
13602,2026-09-17,21:30:00,581.1,0.1,Creciente
13603,2026-09-17,21:45:00,581.4,0.3,Creciente
13604,2026-09-17,22:00:00,581.3,-0.1,Descendente
13605,2026-09-17,22:15:00,581.3,0.0,Estable
13606,2026-09-17,22:30:00,581.4,0.1,Creciente
13607,2026-09-17,22:45:00,581.2,-0.2,Descendente
13608,2026-09-17,23:00:00,581.3,0.1,Creciente
13609,2026-09-17,23:15:00,581.3,0.0,Estable
13610,2026-09-17,23:30:00,581.1,-0.2,Descendente
13611,2026-09-17,23:45:00,581.1,0.0,Estable
