id,fecha,hora,temp_out,hi_temp,low_temp,in_temp,in_hum_pct,out_hum_pct,rain,rain_rate,bar,wind_speed,hi_speed,hi_dir,wind_dir,temp_units,bar_units,wind_units,rain_units
12282,2026-09-01,00:15:00,15.0,15.0,14.0,22.0,55.0,90.0,0.0,0.0,579.6,0.0,0.0,,,C,mm,km/h,mm
12283,2026-09-01,00:30:00,15.0,15.0,14.0,22.0,55.0,90.0,0.0,0.0,579.7,0.0,0.0,,,C,mm,km/h,mm
12284,2026-09-01,00:45:00,15.0,15.0,15.0,22.0,55.0,90.0,0.0,0.0,579.7,0.0,0.0,,,C,mm,km/h,mm
12285,2026-09-01,01:00:00,15.0,15.0,15.0,22.0,55.0,90.0,0.0,0.0,579.9,0.0,0.0,,,C,mm,km/h,mm
12286,2026-09-01,01:15:00,15.0,15.0,15.0,22.0,55.0,87.0,0.0,0.0,580.0,0.0,4.8,E,E,C,mm,km/h,mm
12287,2026-09-01,01:30:00,15.0,15.0,15.0,22.0,55.0,86.0,0.0,0.0,579.9,1.6,6.4,ENE,E,C,mm,km/h,mm
12288,2026-09-01,01:45:00,14.0,15.0,14.0,22.0,55.0,88.0,0.0,0.0,580.0,0.0,1.6,NNE,NNE,C,mm,km/h,mm
12289,2026-09-01,02:00:00,14.0,14.0,14.0,22.0,55.0,89.0,0.2,0.0,580.1,0.0,0.0,,,C,mm,km/h,mm
12290,2026-09-01,02:15:00,14.0,14.0,14.0,22.0,55.0,90.0,0.4,1.2,580.1,0.0,0.0,,,C,mm,km/h,mm
12291,2026-09-01,02:30:00,13.0,14.0,13.0,22.0,55.0,91.0,0.2,1.2,580.0,0.0,0.0,,,C,mm,km/h,mm
12292,2026-09-01,02:45:00,13.0,13.0,13.0,22.0,55.0,91.0,0.0,0.8,579.9,0.0,0.0,,,C,mm,km/h,mm
12293,2026-09-01,03:00:00,13.0,13.0,13.0,21.0,55.0,91.0,0.2,0.8,579.7,0.0,0.0,,,C,mm,km/h,mm
12294,2026-09-01,03:15:00,13.0,13.0,13.0,21.0,56.0,92.0,0.0,0.0,579.6,0.0,0.0,,,C,mm,km/h,mm
12295,2026-09-01,03:30:00,13.0,13.0,13.0,21.0,56.0,92.0,0.0,0.0,579.4,0.0,1.6,WNW,WNW,C,mm,km/h,mm
12296,2026-09-01,03:45:00,13.0,13.0,13.0,21.0,56.0,91.0,0.0,0.0,579.3,0.0,0.0,,,C,mm,km/h,mm
12297,2026-09-01,04:00:00,13.0,13.0,13.0,21.0,56.0,91.0,0.0,0.0,579.2,0.0,0.0,,,C,mm,km/h,mm
12298,2026-09-01,04:15:00,13.0,13.0,13.0,21.0,56.0,91.0,0.0,0.0,579.0,0.0,0.0,,,C,mm,km/h,mm
12299,2026-09-01,04:30:00,13.0,13.0,13.0,21.0,56.0,92.0,0.0,0.0,578.9,0.0,0.0,,,C,mm,km/h,mm
12300,2026-09-01,04:45:00,13.0,13.0,13.0,21.0,56.0,92.0,0.0,0.0,578.9,0.0,0.0,,,C,mm,km/h,mm
12301,2026-09-01,05:00:00,13.0,13.0,13.0,21.0,56.0,92.0,0.0,0.0,578.9,0.0,0.0,,,C,mm,km/h,mm
12302,2026-09-01,05:15:00,13.0,13.0,13.0,21.0,56.0,92.0,0.0,0.0,578.9,0.0,0.0,,,C,mm,km/h,mm
12303,2026-09-01,05:30:00,13.0,13.0,13.0,21.0,56.0,92.0,0.0,0.0,578.9,0.0,0.0,,,C,mm,km/h,mm
12304,2026-09-01,05:45:00,13.0,13.0,13.0,21.0,56.0,92.0,0.0,0.0,579.0,0.0,0.0,,,C,mm,km/h,mm
12305,2026-09-01,06:00:00,13.0,13.0,13.0,21.0,56.0,92.0,0.0,0.0,579.0,0.0,0.0,,,C,mm,km/h,mm
12306,2026-09-01,06:15:00,13.0,13.0,13.0,21.0,56.0,93.0,0.0,0.0,579.1,0.0,0.0,,,C,mm,km/h,mm
12307,2026-09-01,06:30:00,13.0,13.0,13.0,21.0,56.0,93.0,0.0,0.0,579.2,0.0,0.0,,,C,mm,km/h,mm
12308,2026-09-01,06:45:00,13.0,13.0,13.0,21.0,56.0,93.0,0.0,0.0,579.2,0.0,0.0,,,C,mm,km/h,mm
12309,2026-09-01,07:00:00,13.0,13.0,13.0,21.0,56.0,93.0,0.0,0.0,579.2,0.0,0.0,,,C,mm,km/h,mm
12310,2026-09-01,07:15:00,13.0,13.0,13.0,21.0,56.0,93.0,0.0,0.0,579.3,0.0,0.0,,,C,mm,km/h,mm
12311,2026-09-01,07:30:00,14.0,14.0,13.0,21.0,56.0,93.0,0.0,0.0,579.4,0.0,0.0,,,C,mm,km/h,mm
12312,2026-09-01,07:45:00,14.0,14.0,14.0,21.0,56.0,91.0,0.0,0.0,579.5,0.0,0.0,,,C,mm,km/h,mm
12313,2026-09-01,08:00:00,15.0,15.0,14.0,21.0,56.0,86.0,0.0,0.0,579.5,0.0,0.0,,,C,mm,km/h,mm
12314,2026-09-01,08:15:00,16.0,16.0,15.0,21.0,56.0,83.0,0.0,0.0,579.6,0.0,0.0,,,C,mm,km/h,mm
12315,2026-09-01,08:30:00,16.0,16.0,16.0,21.0,56.0,81.0,0.0,0.0,579.7,0.0,0.0,,,C,mm,km/h,mm
12316,2026-09-01,08:45:00,17.0,17.0,16.0,21.0,56.0,81.0,0.0,0.0,579.9,0.0,1.6,NE,NE,C,mm,km/h,mm
12317,2026-09-01,09:00:00,17.0,17.0,17.0,22.0,56.0,76.0,0.0,0.0,580.0,0.0,0.0,,,C,mm,km/h,mm
12318,2026-09-01,09:15:00,18.0,18.0,17.0,22.0,55.0,74.0,0.0,0.0,580.1,0.0,0.0,,,C,mm,km/h,mm
12319,2026-09-01,09:30:00,18.0,18.0,18.0,22.0,55.0,72.0,0.0,0.0,580.1,0.0,1.6,ENE,NE,C,mm,km/h,mm
12320,2026-09-01,09:45:00,19.0,19.0,18.0,22.0,55.0,73.0,0.0,0.0,579.9,0.0,4.8,NNW,WNW,C,mm,km/h,mm
12321,2026-09-01,10:00:00,20.0,20.0,19.0,22.0,55.0,69.0,0.0,0.0,579.9,0.0,3.2,NNW,ENE,C,mm,km/h,mm
12322,2026-09-01,10:15:00,20.0,20.0,20.0,22.0,54.0,64.0,0.0,0.0,579.9,0.0,4.8,E,E,C,mm,km/h,mm
12323,2026-09-01,10:30:00,21.0,21.0,20.0,22.0,55.0,61.0,0.0,0.0,579.8,0.0,4.8,ENE,ENE,C,mm,km/h,mm
12324,2026-09-01,10:45:00,22.0,22.0,21.0,22.0,54.0,56.0,0.0,0.0,579.8,0.0,6.4,E,E,C,mm,km/h,mm
12325,2026-09-01,11:00:00,22.0,22.0,22.0,22.0,54.0,60.0,0.0,0.0,579.7,1.6,6.4,NNW,SSE,C,mm,km/h,mm
12326,2026-09-01,11:15:00,23.0,23.0,22.0,22.0,53.0,55.0,0.0,0.0,579.5,0.0,4.8,E,NW,C,mm,km/h,mm
12327,2026-09-01,11:30:00,23.0,23.0,22.0,22.0,53.0,54.0,0.0,0.0,579.5,1.6,8.0,E,ESE,C,mm,km/h,mm
12328,2026-09-01,11:45:00,23.0,23.0,23.0,22.0,53.0,53.0,0.0,0.0,579.3,1.6,8.0,ENE,E,C,mm,km/h,mm
12329,2026-09-01,12:00:00,23.0,23.0,23.0,22.0,53.0,55.0,0.0,0.0,579.0,1.6,8.0,E,ESE,C,mm,km/h,mm
12330,2026-09-01,12:15:00,24.0,24.0,23.0,22.0,53.0,49.0,0.0,0.0,578.9,1.6,9.7,NW,WNW,C,mm,km/h,mm
12331,2026-09-01,12:30:00,25.0,25.0,24.0,22.0,53.0,49.0,0.0,0.0,578.9,1.6,4.8,NNW,NNW,C,mm,km/h,mm
12332,2026-09-01,12:45:00,25.0,25.0,25.0,22.0,53.0,48.0,0.0,0.0,578.8,1.6,6.4,NNW,NW,C,mm,km/h,mm
12333,2026-09-01,13:00:00,25.0,25.0,25.0,22.0,53.0,48.0,0.0,0.0,578.6,0.0,4.8,ENE,E,C,mm,km/h,mm
12334,2026-09-01,13:15:00,25.0,25.0,24.0,22.0,53.0,49.0,0.0,0.0,578.4,1.6,8.0,NNW,WSW,C,mm,km/h,mm
12335,2026-09-01,13:30:00,25.0,25.0,24.0,22.0,53.0,52.0,0.0,0.0,578.1,1.6,8.0,NW,NW,C,mm,km/h,mm
12336,2026-09-01,13:45:00,25.0,25.0,25.0,22.0,53.0,49.0,0.0,0.0,577.9,0.0,3.2,NNW,WNW,C,mm,km/h,mm
12337,2026-09-01,14:00:00,24.0,25.0,24.0,23.0,53.0,54.0,0.0,0.0,577.7,0.0,3.2,ENE,ENE,C,mm,km/h,mm
12338,2026-09-01,14:15:00,23.0,24.0,23.0,23.0,52.0,55.0,0.0,0.0,577.5,0.0,8.0,ENE,N,C,mm,km/h,mm
12339,2026-09-01,14:30:00,20.0,23.0,20.0,23.0,52.0,69.0,0.0,0.0,577.6,6.4,20.9,E,SE,C,mm,km/h,mm
12340,2026-09-01,14:45:00,19.0,20.0,19.0,23.0,53.0,72.0,0.0,0.0,577.5,4.8,11.3,E,E,C,mm,km/h,mm
12341,2026-09-01,15:00:00,19.0,19.0,19.0,23.0,53.0,69.0,0.0,0.0,577.3,1.6,8.0,E,E,C,mm,km/h,mm
12342,2026-09-01,15:15:00,19.0,19.0,19.0,23.0,52.0,69.0,0.0,0.0,577.2,0.0,4.8,ENE,SSW,C,mm,km/h,mm
12343,2026-09-01,15:30:00,19.0,19.0,19.0,23.0,52.0,68.0,0.0,0.0,577.1,0.0,3.2,E,NE,C,mm,km/h,mm
12344,2026-09-01,15:45:00,21.0,21.0,19.0,23.0,52.0,62.0,0.0,0.0,577.1,0.0,6.4,W,WNW,C,mm,km/h,mm
12345,2026-09-01,16:00:00,21.0,21.0,21.0,23.0,51.0,58.0,0.0,0.0,576.9,1.6,8.0,WSW,W,C,mm,km/h,mm
12346,2026-09-01,16:15:00,22.0,22.0,21.0,23.0,51.0,58.0,0.0,0.0,576.8,0.0,3.2,E,NE,C,mm,km/h,mm
12347,2026-09-01,16:30:00,22.0,22.0,22.0,23.0,51.0,60.0,0.0,0.0,576.8,0.0,1.6,ENE,SSW,C,mm,km/h,mm
12348,2026-09-01,16:45:00,21.0,22.0,21.0,23.0,51.0,62.0,0.0,0.0,577.0,0.0,8.0,SSW,SSW,C,mm,km/h,mm
12349,2026-09-01,17:00:00,21.0,21.0,21.0,23.0,51.0,64.0,0.0,0.0,577.3,4.8,17.7,WSW,WNW,C,mm,km/h,mm
12350,2026-09-01,17:15:00,19.0,20.0,19.0,23.0,51.0,67.0,0.0,0.0,577.5,6.4,20.9,WSW,W,C,mm,km/h,mm
12351,2026-09-01,17:30:00,19.0,19.0,19.0,23.0,52.0,69.0,0.0,0.0,577.4,1.6,11.3,W,NW,C,mm,km/h,mm
12352,2026-09-01,17:45:00,19.0,19.0,19.0,23.0,52.0,68.0,0.0,0.0,577.4,3.2,12.9,WSW,WNW,C,mm,km/h,mm
12353,2026-09-01,18:00:00,19.0,19.0,19.0,23.0,52.0,69.0,0.0,0.0,577.8,0.0,8.0,WSW,SSE,C,mm,km/h,mm
12354,2026-09-01,18:15:00,19.0,19.0,19.0,23.0,52.0,70.0,0.0,0.0,578.0,0.0,3.2,SW,WSW,C,mm,km/h,mm
12355,2026-09-01,18:30:00,18.0,19.0,18.0,23.0,52.0,71.0,0.0,0.0,578.2,0.0,4.8,NE,WNW,C,mm,km/h,mm
12356,2026-09-01,18:45:00,18.0,18.0,18.0,22.0,52.0,70.0,0.0,0.0,578.8,0.0,8.0,N,WNW,C,mm,km/h,mm
12357,2026-09-01,19:00:00,18.0,18.0,18.0,22.0,52.0,70.0,0.0,0.0,579.1,1.6,6.4,NNW,WNW,C,mm,km/h,mm
12358,2026-09-01,19:15:00,17.0,18.0,17.0,22.0,52.0,73.0,0.0,0.0,579.2,1.6,8.0,ENE,NW,C,mm,km/h,mm
12359,2026-09-01,19:30:00,17.0,17.0,17.0,22.0,52.0,77.0,0.0,0.0,579.5,1.6,6.4,E,ESE,C,mm,km/h,mm
12360,2026-09-01,19:45:00,17.0,17.0,17.0,22.0,53.0,79.0,0.0,0.0,579.6,0.0,6.4,ENE,E,C,mm,km/h,mm
12361,2026-09-01,20:00:00,17.0,17.0,17.0,22.0,53.0,79.0,0.0,0.0,579.7,0.0,3.2,ENE,ENE,C,mm,km/h,mm
12362,2026-09-01,20:15:00,16.0,17.0,16.0,22.0,53.0,82.0,0.0,0.0,579.9,0.0,4.8,ENE,SSE,C,mm,km/h,mm
12363,2026-09-01,20:30:00,16.0,16.0,16.0,22.0,53.0,82.0,0.0,0.0,580.1,1.6,6.4,E,E,C,mm,km/h,mm
12364,2026-09-01,20:45:00,15.0,16.0,15.0,22.0,53.0,86.0,0.0,0.0,580.3,0.0,3.2,E,E,C,mm,km/h,mm
12365,2026-09-01,21:00:00,15.0,15.0,15.0,22.0,53.0,88.0,0.4,3.4,580.4,0.0,3.2,ENE,ENE,C,mm,km/h,mm
12366,2026-09-01,21:15:00,15.0,15.0,15.0,22.0,54.0,89.0,0.4,2.8,580.4,0.0,4.8,NE,SW,C,mm,km/h,mm
12367,2026-09-01,21:30:00,15.0,15.0,14.0,22.0,54.0,90.0,0.0,0.0,580.6,0.0,4.8,W,W,C,mm,km/h,mm
12368,2026-09-01,21:45:00,15.0,15.0,15.0,22.0,54.0,90.0,0.2,0.0,580.7,1.6,9.7,W,WSW,C,mm,km/h,mm
12369,2026-09-01,22:00:00,15.0,15.0,15.0,22.0,54.0,90.0,0.0,0.0,580.7,0.0,3.2,ENE,SSW,C,mm,km/h,mm
12370,2026-09-01,22:15:00,15.0,15.0,15.0,22.0,54.0,90.0,0.0,0.0,580.9,0.0,0.0,,,C,mm,km/h,mm
12371,2026-09-01,22:30:00,15.0,15.0,15.0,22.0,54.0,91.0,0.0,0.0,580.9,0.0,0.0,,,C,mm,km/h,mm
12372,2026-09-01,22:45:00,15.0,15.0,15.0,22.0,55.0,90.0,0.0,0.0,580.9,0.0,0.0,,,C,mm,km/h,mm
12373,2026-09-01,23:00:00,15.0,15.0,15.0,22.0,55.0,89.0,0.0,0.0,580.9,0.0,3.2,SSW,SSW,C,mm,km/h,mm
12374,2026-09-01,23:15:00,15.0,15.0,15.0,22.0,55.0,89.0,0.0,0.0,580.8,0.0,1.6,NE,NE,C,mm,km/h,mm
12375,2026-09-01,23:30:00,15.0,15.0,15.0,22.0,55.0,89.0,0.0,0.0,580.8,0.0,1.6,NNW,NNW,C,mm,km/h,mm
12376,2026-09-01,23:45:00,15.0,15.0,15.0,22.0,55.0,89.0,0.0,0.0,580.7,0.0,1.6,WSW,WSW,C,mm,km/h,mm
12472,2026-09-02,00:15:00,15.0,15.0,15.0,22.0,55.0,88.0,0.0,0.0,580.6,0.0,1.6,SSW,SSW,C,mm,km/h,mm
12473,2026-09-02,00:30:00,15.0,15.0,15.0,22.0,55.0,88.0,0.0,0.0,580.6,0.0,0.0,,,C,mm,km/h,mm
12474,2026-09-02,00:45:00,15.0,15.0,15.0,22.0,55.0,89.0,0.0,0.0,580.3,0.0,0.0,,,C,mm,km/h,mm
12475,2026-09-02,01:00:00,14.0,15.0,14.0,22.0,55.0,90.0,0.0,0.0,580.3,0.0,0.0,,,C,mm,km/h,mm
12476,2026-09-02,01:15:00,14.0,15.0,14.0,22.0,55.0,90.0,0.0,0.0,580.1,0.0,0.0,,,C,mm,km/h,mm
12477,2026-09-02,01:30:00,14.0,14.0,14.0,22.0,55.0,91.0,0.0,0.0,580.0,0.0,0.0,,,C,mm,km/h,mm
12478,2026-09-02,01:45:00,14.0,14.0,14.0,22.0,55.0,91.0,0.0,0.0,579.9,0.0,0.0,,,C,mm,km/h,mm
12479,2026-09-02,02:00:00,14.0,15.0,14.0,22.0,56.0,91.0,0.0,0.0,579.7,0.0,0.0,,,C,mm,km/h,mm
12480,2026-09-02,02:15:00,15.0,15.0,14.0,22.0,56.0,90.0,0.0,0.0,579.6,0.0,0.0,,,C,mm,km/h,mm
12481,2026-09-02,02:30:00,15.0,15.0,15.0,22.0,56.0,89.0,0.0,0.0,579.5,0.0,0.0,,,C,mm,km/h,mm
12482,2026-09-02,02:45:00,15.0,15.0,15.0,22.0,56.0,88.0,0.0,0.0,579.5,0.0,0.0,,,C,mm,km/h,mm
12483,2026-09-02,03:00:00,15.0,15.0,15.0,22.0,56.0,88.0,0.0,0.0,579.4,0.0,0.0,,,C,mm,km/h,mm
12484,2026-09-02,03:15:00,15.0,15.0,14.0,22.0,56.0,90.0,0.0,0.0,579.4,0.0,0.0,,,C,mm,km/h,mm
12485,2026-09-02,03:30:00,14.0,15.0,14.0,21.0,56.0,90.0,0.0,0.0,579.3,0.0,0.0,,,C,mm,km/h,mm
12486,2026-09-02,03:45:00,14.0,14.0,14.0,21.0,56.0,91.0,0.0,0.0,579.2,0.0,0.0,,,C,mm,km/h,mm
12487,2026-09-02,04:00:00,14.0,14.0,14.0,21.0,56.0,91.0,0.0,0.0,579.2,0.0,0.0,,,C,mm,km/h,mm
12488,2026-09-02,04:15:00,14.0,14.0,14.0,21.0,56.0,91.0,0.0,0.0,579.2,0.0,0.0,,,C,mm,km/h,mm
12489,2026-09-02,04:30:00,14.0,14.0,14.0,21.0,56.0,91.0,0.0,0.0,579.3,0.0,0.0,,,C,mm,km/h,mm
12490,2026-09-02,04:45:00,14.0,14.0,14.0,21.0,56.0,91.0,0.0,0.0,579.2,0.0,0.0,,,C,mm,km/h,mm
12491,2026-09-02,05:00:00,14.0,14.0,14.0,21.0,56.0,92.0,0.0,0.0,579.3,0.0,0.0,,,C,mm,km/h,mm
12492,2026-09-02,05:15:00,14.0,14.0,14.0,21.0,56.0,92.0,0.0,0.0,579.3,0.0,0.0,,,C,mm,km/h,mm
12493,2026-09-02,05:30:00,14.0,14.0,14.0,21.0,56.0,92.0,0.0,0.0,579.3,0.0,0.0,,,C,mm,km/h,mm
12494,2026-09-02,05:45:00,14.0,14.0,14.0,21.0,56.0,92.0,0.0,0.0,579.3,0.0,0.0,,,C,mm,km/h,mm
12495,2026-09-02,06:00:00,14.0,14.0,14.0,21.0,57.0,92.0,0.0,0.0,579.3,0.0,0.0,,,C,mm,km/h,mm
12496,2026-09-02,06:15:00,14.0,14.0,14.0,21.0,57.0,92.0,0.0,0.0,579.5,0.0,0.0,,,C,mm,km/h,mm
12497,2026-09-02,06:30:00,14.0,14.0,14.0,21.0,57.0,93.0,0.0,0.0,579.6,0.0,0.0,,,C,mm,km/h,mm
12498,2026-09-02,06:45:00,14.0,14.0,14.0,21.0,57.0,93.0,0.0,0.0,579.8,0.0,0.0,,,C,mm,km/h,mm
12499,2026-09-02,07:00:00,14.0,14.0,14.0,21.0,57.0,93.0,0.0,0.0,579.8,0.0,0.0,,,C,mm,km/h,mm
12500,2026-09-02,07:15:00,14.0,14.0,14.0,21.0,57.0,92.0,0.0,0.0,579.8,0.0,0.0,,,C,mm,km/h,mm
12501,2026-09-02,07:30:00,15.0,15.0,14.0,21.0,57.0,91.0,0.0,0.0,579.9,0.0,0.0,,,C,mm,km/h,mm
12502,2026-09-02,07:45:00,16.0,16.0,15.0,21.0,57.0,89.0,0.0,0.0,580.0,0.0,0.0,,,C,mm,km/h,mm
12503,2026-09-02,08:00:00,16.0,16.0,16.0,21.0,57.0,86.0,0.0,0.0,580.1,0.0,0.0,,,C,mm,km/h,mm
12504,2026-09-02,08:15:00,16.0,16.0,16.0,21.0,57.0,84.0,0.0,0.0,580.2,0.0,0.0,,,C,mm,km/h,mm
12505,2026-09-02,08:30:00,17.0,17.0,16.0,21.0,57.0,83.0,0.0,0.0,580.4,0.0,0.0,,,C,mm,km/h,mm
12506,2026-09-02,08:45:00,17.0,17.0,17.0,21.0,57.0,80.0,0.0,0.0,580.5,0.0,0.0,,,C,mm,km/h,mm
12507,2026-09-02,09:00:00,17.0,18.0,17.0,22.0,57.0,78.0,0.0,0.0,580.6,0.0,1.6,SSW,SSW,C,mm,km/h,mm
12508,2026-09-02,09:15:00,18.0,18.0,17.0,22.0,56.0,78.0,0.0,0.0,580.6,0.0,0.0,,,C,mm,km/h,mm
12509,2026-09-02,09:30:00,19.0,19.0,18.0,22.0,56.0,70.0,0.0,0.0,580.7,0.0,1.6,SSW,SSW,C,mm,km/h,mm
12510,2026-09-02,09:45:00,19.0,19.0,19.0,22.0,56.0,69.0,0.0,0.0,580.7,0.0,4.8,W,W,C,mm,km/h,mm
12511,2026-09-02,10:00:00,20.0,20.0,19.0,22.0,56.0,68.0,0.0,0.0,580.6,0.0,3.2,ENE,ENE,C,mm,km/h,mm
12512,2026-09-02,10:15:00,20.0,21.0,20.0,22.0,56.0,67.0,0.0,0.0,580.6,0.0,4.8,E,E,C,mm,km/h,mm
12513,2026-09-02,10:30:00,22.0,22.0,21.0,22.0,55.0,62.0,0.0,0.0,580.5,0.0,3.2,E,E,C,mm,km/h,mm
12514,2026-09-02,10:45:00,21.0,22.0,21.0,22.0,55.0,62.0,0.0,0.0,580.4,1.6,8.0,ENE,NE,C,mm,km/h,mm
12515,2026-09-02,11:00:00,22.0,22.0,21.0,22.0,55.0,59.0,0.0,0.0,580.2,0.0,1.6,E,NE,C,mm,km/h,mm
12516,2026-09-02,11:15:00,22.0,22.0,22.0,22.0,55.0,60.0,0.0,0.0,580.1,1.6,6.4,E,SE,C,mm,km/h,mm
12517,2026-09-02,11:30:00,24.0,24.0,22.0,22.0,55.0,56.0,0.0,0.0,580.0,0.0,3.2,ENE,ENE,C,mm,km/h,mm
12518,2026-09-02,11:45:00,24.0,24.0,23.0,22.0,55.0,52.0,0.0,0.0,579.6,0.0,6.4,NNW,NW,C,mm,km/h,mm
12519,2026-09-02,12:00:00,25.0,25.0,24.0,22.0,55.0,54.0,0.0,0.0,579.4,0.0,3.2,NNE,SSE,C,mm,km/h,mm
12520,2026-09-02,12:15:00,24.0,25.0,24.0,22.0,55.0,48.0,0.0,0.0,579.4,0.0,6.4,ENE,E,C,mm,km/h,mm
12521,2026-09-02,12:30:00,24.0,24.0,24.0,22.0,55.0,50.0,0.0,0.0,579.1,1.6,4.8,E,SE,C,mm,km/h,mm
12522,2026-09-02,12:45:00,24.0,24.0,24.0,22.0,55.0,50.0,0.0,0.0,578.9,1.6,6.4,E,E,C,mm,km/h,mm
12523,2026-09-02,13:00:00,25.0,25.0,24.0,22.0,55.0,49.0,0.0,0.0,578.4,1.6,6.4,NW,NW,C,mm,km/h,mm
12524,2026-09-02,13:15:00,25.0,25.0,25.0,22.0,55.0,47.0,0.0,0.0,578.2,1.6,11.3,W,SSW,C,mm,km/h,mm
12525,2026-09-02,13:30:00,26.0,26.0,25.0,23.0,56.0,45.0,0.0,0.0,578.0,1.6,6.4,WSW,WSW,C,mm,km/h,mm
12526,2026-09-02,13:45:00,25.0,26.0,25.0,23.0,56.0,45.0,0.0,0.0,577.8,1.6,8.0,E,E,C,mm,km/h,mm
12527,2026-09-02,14:00:00,25.0,26.0,25.0,23.0,55.0,42.0,0.0,0.0,577.7,0.0,3.2,E,E,C,mm,km/h,mm
12528,2026-09-02,14:15:00,25.0,25.0,25.0,23.0,55.0,42.0,0.0,0.0,577.4,0.0,6.4,E,ENE,C,mm,km/h,mm
12529,2026-09-02,14:30:00,26.0,26.0,25.0,23.0,55.0,44.0,0.0,0.0,577.2,0.0,9.7,WSW,WNW,C,mm,km/h,mm
12530,2026-09-02,14:45:00,25.0,26.0,25.0,23.0,55.0,47.0,0.0,0.0,577.0,1.6,11.3,NNW,WSW,C,mm,km/h,mm
12531,2026-09-02,15:00:00,25.0,25.0,25.0,23.0,55.0,50.0,0.0,0.0,577.0,1.6,9.7,W,WNW,C,mm,km/h,mm
12532,2026-09-02,15:15:00,25.0,25.0,25.0,23.0,54.0,52.0,0.0,0.0,576.8,1.6,9.7,NW,WSW,C,mm,km/h,mm
12533,2026-09-02,15:30:00,24.0,25.0,24.0,23.0,53.0,49.0,0.0,0.0,576.7,1.6,8.0,NNW,N,C,mm,km/h,mm
12534,2026-09-02,15:45:00,25.0,25.0,24.0,24.0,53.0,46.0,0.0,0.0,576.4,1.6,8.0,W,WNW,C,mm,km/h,mm
12535,2026-09-02,16:00:00,25.0,25.0,25.0,24.0,53.0,47.0,0.0,0.0,576.4,0.0,4.8,NW,WNW,C,mm,km/h,mm
12536,2026-09-02,16:15:00,25.0,25.0,25.0,23.0,52.0,44.0,0.0,0.0,576.2,0.0,8.0,SSW,SSW,C,mm,km/h,mm
12537,2026-09-02,16:30:00,24.0,25.0,24.0,23.0,53.0,45.0,0.0,0.0,576.2,1.6,8.0,W,SW,C,mm,km/h,mm
12538,2026-09-02,16:45:00,24.0,24.0,24.0,23.0,52.0,50.0,0.0,0.0,576.2,1.6,8.0,W,W,C,mm,km/h,mm
12539,2026-09-02,17:00:00,24.0,24.0,24.0,23.0,52.0,48.0,0.0,0.0,576.3,1.6,9.7,W,WSW,C,mm,km/h,mm
12540,2026-09-02,17:15:00,23.0,24.0,23.0,23.0,52.0,49.0,0.0,0.0,576.4,3.2,12.9,W,W,C,mm,km/h,mm
12541,2026-09-02,17:30:00,23.0,23.0,23.0,23.0,52.0,51.0,0.0,0.0,576.5,3.2,17.7,W,W,C,mm,km/h,mm
12542,2026-09-02,17:45:00,23.0,23.0,23.0,23.0,52.0,51.0,0.0,0.0,576.4,4.8,11.3,W,WSW,C,mm,km/h,mm
12543,2026-09-02,18:00:00,23.0,23.0,23.0,23.0,52.0,53.0,0.0,0.0,576.6,1.6,11.3,W,WNW,C,mm,km/h,mm
12544,2026-09-02,18:15:00,22.0,23.0,22.0,23.0,52.0,57.0,0.0,0.0,577.1,1.6,9.7,W,W,C,mm,km/h,mm
12545,2026-09-02,18:30:00,20.0,22.0,20.0,23.0,52.0,56.0,0.0,0.0,577.1,6.4,16.1,E,E,C,mm,km/h,mm
12546,2026-09-02,18:45:00,18.0,20.0,18.0,23.0,51.0,64.0,0.0,0.0,577.4,4.8,14.5,E,E,C,mm,km/h,mm
12547,2026-09-02,19:00:00,15.0,18.0,15.0,23.0,51.0,82.0,2.2,32.0,577.9,6.4,27.4,E,SSE,C,mm,km/h,mm
12548,2026-09-02,19:15:00,14.0,15.0,14.0,23.0,52.0,88.0,2.4,56.4,577.9,3.2,20.9,ESE,E,C,mm,km/h,mm
12549,2026-09-02,19:30:00,14.0,14.0,14.0,23.0,52.0,89.0,0.4,8.4,577.9,1.6,6.4,E,E,C,mm,km/h,mm
12550,2026-09-02,19:45:00,14.0,14.0,14.0,23.0,52.0,88.0,0.0,0.0,578.1,1.6,8.0,W,WNW,C,mm,km/h,mm
12551,2026-09-02,20:00:00,15.0,15.0,14.0,23.0,52.0,87.0,0.0,0.0,578.3,1.6,8.0,W,W,C,mm,km/h,mm
12552,2026-09-02,20:15:00,15.0,15.0,15.0,23.0,52.0,86.0,0.0,0.0,578.3,1.6,6.4,W,WSW,C,mm,km/h,mm
12553,2026-09-02,20:30:00,15.0,15.0,15.0,23.0,52.0,87.0,0.0,0.0,578.3,1.6,8.0,W,W,C,mm,km/h,mm
12554,2026-09-02,20:45:00,15.0,15.0,15.0,23.0,53.0,84.0,0.0,0.0,578.5,1.6,8.0,W,WSW,C,mm,km/h,mm
12555,2026-09-02,21:00:00,15.0,15.0,15.0,23.0,53.0,83.0,0.0,0.0,578.7,1.6,4.8,W,W,C,mm,km/h,mm
12556,2026-09-02,21:15:00,15.0,15.0,15.0,23.0,53.0,82.0,0.0,0.0,578.6,0.0,6.4,WNW,SSW,C,mm,km/h,mm
12557,2026-09-02,21:30:00,15.0,15.0,15.0,23.0,52.0,85.0,0.0,0.0,579.1,0.0,3.2,NW,NW,C,mm,km/h,mm
12558,2026-09-02,21:45:00,15.0,15.0,15.0,23.0,52.0,86.0,0.0,0.0,579.6,0.0,3.2,ENE,ENE,C,mm,km/h,mm
12559,2026-09-02,22:00:00,15.0,15.0,15.0,23.0,53.0,87.0,0.0,0.0,579.4,0.0,3.2,ENE,ENE,C,mm,km/h,mm
12560,2026-09-02,22:15:00,15.0,15.0,15.0,23.0,53.0,88.0,0.2,0.0,579.4,0.0,3.2,S,S,C,mm,km/h,mm
12561,2026-09-02,22:30:00,15.0,15.0,15.0,23.0,53.0,88.0,0.0,0.0,579.4,0.0,3.2,WSW,W,C,mm,km/h,mm
12562,2026-09-02,22:45:00,15.0,15.0,15.0,23.0,53.0,87.0,0.0,0.0,579.4,0.0,1.6,WSW,WSW,C,mm,km/h,mm
12563,2026-09-02,23:00:00,15.0,15.0,15.0,23.0,53.0,89.0,0.0,0.0,580.1,0.0,1.6,ENE,NE,C,mm,km/h,mm
12564,2026-09-02,23:15:00,15.0,15.0,15.0,22.0,53.0,89.0,0.2,0.0,580.2,0.0,0.0,,,C,mm,km/h,mm
12565,2026-09-02,23:30:00,15.0,15.0,15.0,22.0,54.0,89.0,0.4,2.4,580.2,0.0,4.8,NNW,NNW,C,mm,km/h,mm
12566,2026-09-02,23:45:00,14.0,15.0,14.0,22.0,54.0,90.0,0.8,7.2,580.0,0.0,3.2,NNW,NW,C,mm,km/h,mm
12377,2026-09-03,00:15:00,14.0,14.0,14.0,22.0,54.0,91.0,0.2,1.2,580.0,0.0,1.6,WNW,NW,C,mm,km/h,mm
12378,2026-09-03,00:30:00,14.0,14.0,14.0,22.0,54.0,92.0,0.2,1.0,580.0,0.0,1.6,WNW,WNW,C,mm,km/h,mm
12379,2026-09-03,00:45:00,14.0,14.0,14.0,22.0,55.0,91.0,0.6,2.8,579.9,0.0,3.2,WSW,WSW,C,mm,km/h,mm
12380,2026-09-03,01:00:00,14.0,14.0,14.0,22.0,55.0,91.0,0.4,2.8,579.8,0.0,3.2,NE,WSW,C,mm,km/h,mm
12381,2026-09-03,01:15:00,14.0,14.0,14.0,22.0,55.0,92.0,0.4,2.0,579.4,0.0,4.8,NNE,SSW,C,mm,km/h,mm
12382,2026-09-03,01:30:00,14.0,14.0,14.0,22.0,55.0,91.0,0.2,1.4,579.3,0.0,4.8,SW,SSW,C,mm,km/h,mm
12383,2026-09-03,01:45:00,14.0,14.0,14.0,22.0,55.0,91.0,0.0,0.0,579.2,0.0,4.8,NW,W,C,mm,km/h,mm
12384,2026-09-03,02:00:00,14.0,14.0,14.0,22.0,55.0,91.0,0.0,0.0,579.0,0.0,1.6,NNE,NNE,C,mm,km/h,mm
12385,2026-09-03,02:15:00,14.0,14.0,14.0,22.0,55.0,91.0,0.0,0.0,578.8,0.0,0.0,,,C,mm,km/h,mm
12386,2026-09-03,02:30:00,14.0,14.0,14.0,22.0,55.0,92.0,0.0,0.0,579.0,0.0,0.0,,,C,mm,km/h,mm
12387,2026-09-03,02:45:00,14.0,14.0,14.0,22.0,56.0,92.0,0.0,0.0,579.0,0.0,1.6,NNW,NNW,C,mm,km/h,mm
12388,2026-09-03,03:00:00,14.0,14.0,14.0,22.0,56.0,92.0,0.0,0.0,578.9,0.0,0.0,,,C,mm,km/h,mm
12389,2026-09-03,03:15:00,14.0,14.0,14.0,22.0,56.0,92.0,0.0,0.0,578.9,0.0,3.2,NNW,NNW,C,mm,km/h,mm
12390,2026-09-03,03:30:00,14.0,14.0,14.0,22.0,56.0,92.0,0.0,0.0,578.9,0.0,0.0,,,C,mm,km/h,mm
12391,2026-09-03,03:45:00,14.0,14.0,14.0,22.0,56.0,92.0,0.0,0.0,578.8,0.0,0.0,,,C,mm,km/h,mm
12392,2026-09-03,04:00:00,14.0,14.0,14.0,22.0,56.0,92.0,0.0,0.0,579.0,0.0,0.0,,,C,mm,km/h,mm
12393,2026-09-03,04:15:00,13.0,14.0,13.0,22.0,56.0,92.0,0.0,0.0,578.9,0.0,0.0,,,C,mm,km/h,mm
12394,2026-09-03,04:30:00,14.0,14.0,13.0,21.0,56.0,93.0,0.0,0.0,578.7,0.0,0.0,,,C,mm,km/h,mm
12395,2026-09-03,04:45:00,14.0,14.0,14.0,21.0,56.0,93.0,0.0,0.0,578.7,0.0,0.0,,,C,mm,km/h,mm
12396,2026-09-03,05:00:00,14.0,14.0,14.0,21.0,56.0,93.0,0.0,0.0,578.7,0.0,0.0,,,C,mm,km/h,mm
12397,2026-09-03,05:15:00,14.0,14.0,14.0,21.0,56.0,93.0,0.0,0.0,578.7,0.0,0.0,,,C,mm,km/h,mm
12398,2026-09-03,05:30:00,13.0,14.0,13.0,21.0,56.0,93.0,0.0,0.0,578.6,0.0,0.0,,,C,mm,km/h,mm
12399,2026-09-03,05:45:00,13.0,13.0,13.0,21.0,57.0,93.0,0.0,0.0,578.7,0.0,0.0,,,C,mm,km/h,mm
12400,2026-09-03,06:00:00,13.0,13.0,13.0,21.0,57.0,93.0,0.0,0.0,578.7,0.0,0.0,,,C,mm,km/h,mm
12401,2026-09-03,06:15:00,13.0,13.0,13.0,21.0,57.0,94.0,0.0,0.0,578.9,0.0,0.0,,,C,mm,km/h,mm
12402,2026-09-03,06:30:00,13.0,13.0,13.0,21.0,57.0,94.0,0.0,0.0,579.1,0.0,0.0,,,C,mm,km/h,mm
12403,2026-09-03,06:45:00,13.0,13.0,13.0,21.0,57.0,94.0,0.0,0.0,579.2,0.0,0.0,,,C,mm,km/h,mm
12404,2026-09-03,07:00:00,13.0,13.0,13.0,21.0,58.0,94.0,0.0,0.0,579.3,0.0,0.0,,,C,mm,km/h,mm
12405,2026-09-03,07:15:00,13.0,13.0,13.0,21.0,58.0,94.0,0.0,0.0,579.5,0.0,0.0,,,C,mm,km/h,mm
12406,2026-09-03,07:30:00,14.0,14.0,13.0,21.0,58.0,95.0,0.0,0.0,579.6,0.0,0.0,,,C,mm,km/h,mm
12407,2026-09-03,07:45:00,14.0,14.0,14.0,21.0,58.0,95.0,0.0,0.0,579.6,0.0,0.0,,,C,mm,km/h,mm
12408,2026-09-03,08:00:00,14.0,15.0,14.0,21.0,58.0,94.0,0.0,0.0,579.5,0.0,0.0,,,C,mm,km/h,mm
12409,2026-09-03,08:15:00,15.0,15.0,14.0,22.0,57.0,94.0,0.0,0.0,579.6,0.0,0.0,,,C,mm,km/h,mm
12410,2026-09-03,08:30:00,15.0,15.0,15.0,22.0,57.0,92.0,0.0,0.0,579.5,0.0,0.0,,,C,mm,km/h,mm
12411,2026-09-03,08:45:00,16.0,16.0,15.0,22.0,57.0,86.0,0.0,0.0,579.5,0.0,0.0,,,C,mm,km/h,mm
12412,2026-09-03,09:00:00,17.0,17.0,16.0,22.0,56.0,81.0,0.0,0.0,579.6,0.0,0.0,,,C,mm,km/h,mm
12413,2026-09-03,09:15:00,18.0,18.0,17.0,22.0,56.0,79.0,0.0,0.0,579.6,0.0,0.0,,,C,mm,km/h,mm
12414,2026-09-03,09:30:00,18.0,18.0,18.0,22.0,56.0,77.0,0.0,0.0,579.7,0.0,1.6,N,N,C,mm,km/h,mm
12415,2026-09-03,09:45:00,18.0,19.0,18.0,22.0,56.0,73.0,0.0,0.0,579.6,0.0,0.0,,,C,mm,km/h,mm
12416,2026-09-03,10:00:00,19.0,19.0,18.0,22.0,56.0,71.0,0.0,0.0,579.6,0.0,3.2,NNE,NNE,C,mm,km/h,mm
12417,2026-09-03,10:15:00,20.0,20.0,19.0,22.0,55.0,69.0,0.0,0.0,579.6,0.0,4.8,ENE,ENE,C,mm,km/h,mm
12418,2026-09-03,10:30:00,21.0,21.0,20.0,22.0,55.0,68.0,0.0,0.0,579.6,0.0,3.2,NNW,E,C,mm,km/h,mm
12419,2026-09-03,10:45:00,21.0,21.0,20.0,22.0,55.0,68.0,0.0,0.0,579.5,0.0,4.8,E,E,C,mm,km/h,mm
12420,2026-09-03,11:00:00,22.0,22.0,21.0,22.0,55.0,65.0,0.0,0.0,579.3,0.0,4.8,E,ESE,C,mm,km/h,mm
12421,2026-09-03,11:15:00,22.0,22.0,22.0,22.0,55.0,64.0,0.0,0.0,579.2,1.6,6.4,ENE,NW,C,mm,km/h,mm
12422,2026-09-03,11:30:00,22.0,22.0,22.0,22.0,55.0,60.0,0.0,0.0,579.0,0.0,6.4,ENE,E,C,mm,km/h,mm
12423,2026-09-03,11:45:00,24.0,24.0,22.0,22.0,55.0,54.0,0.0,0.0,578.7,0.0,1.6,N,N,C,mm,km/h,mm
12424,2026-09-03,12:00:00,25.0,25.0,24.0,22.0,55.0,52.0,0.0,0.0,578.4,0.0,4.8,NNW,NW,C,mm,km/h,mm
12425,2026-09-03,12:15:00,24.0,25.0,24.0,22.0,55.0,50.0,0.0,0.0,578.0,1.6,6.4,E,E,C,mm,km/h,mm
12426,2026-09-03,12:30:00,25.0,25.0,24.0,22.0,54.0,47.0,0.0,0.0,577.9,1.6,6.4,NNW,W,C,mm,km/h,mm
12427,2026-09-03,12:45:00,26.0,26.0,25.0,23.0,53.0,46.0,0.0,0.0,577.5,1.6,8.0,WSW,WNW,C,mm,km/h,mm
12428,2026-09-03,13:00:00,25.0,26.0,25.0,23.0,53.0,50.0,0.0,0.0,577.4,0.0,6.4,E,ESE,C,mm,km/h,mm
12429,2026-09-03,13:15:00,25.0,25.0,25.0,23.0,52.0,47.0,0.0,0.0,577.1,1.6,6.4,E,E,C,mm,km/h,mm
12430,2026-09-03,13:30:00,26.0,26.0,25.0,23.0,51.0,43.0,0.0,0.0,577.0,1.6,8.0,SW,SW,C,mm,km/h,mm
12431,2026-09-03,13:45:00,27.0,27.0,26.0,23.0,51.0,40.0,0.0,0.0,576.6,0.0,4.8,NNW,WNW,C,mm,km/h,mm
12432,2026-09-03,14:00:00,27.0,27.0,27.0,23.0,50.0,41.0,0.0,0.0,576.4,1.6,12.9,NNW,NNW,C,mm,km/h,mm
12433,2026-09-03,14:15:00,27.0,27.0,27.0,23.0,50.0,42.0,0.0,0.0,576.1,1.6,6.4,E,NNW,C,mm,km/h,mm
12434,2026-09-03,14:30:00,28.0,28.0,27.0,23.0,50.0,40.0,0.0,0.0,575.8,0.0,8.0,E,E,C,mm,km/h,mm
12435,2026-09-03,14:45:00,27.0,28.0,27.0,23.0,50.0,40.0,0.0,0.0,575.5,0.0,4.8,NNW,NE,C,mm,km/h,mm
12436,2026-09-03,15:00:00,27.0,28.0,27.0,23.0,50.0,39.0,0.0,0.0,575.5,1.6,8.0,WSW,W,C,mm,km/h,mm
12437,2026-09-03,15:15:00,27.0,27.0,27.0,23.0,50.0,41.0,0.0,0.0,575.2,0.0,6.4,E,WNW,C,mm,km/h,mm
12438,2026-09-03,15:30:00,27.0,27.0,27.0,23.0,50.0,39.0,0.0,0.0,574.9,0.0,6.4,E,WNW,C,mm,km/h,mm
12439,2026-09-03,15:45:00,26.0,27.0,26.0,23.0,50.0,44.0,0.0,0.0,574.7,0.0,6.4,N,WNW,C,mm,km/h,mm
12440,2026-09-03,16:00:00,27.0,27.0,26.0,23.0,51.0,39.0,0.0,0.0,574.5,1.6,6.4,W,WSW,C,mm,km/h,mm
12441,2026-09-03,16:15:00,27.0,28.0,27.0,23.0,51.0,39.0,0.0,0.0,574.4,0.0,3.2,NW,NW,C,mm,km/h,mm
12442,2026-09-03,16:30:00,28.0,28.0,27.0,23.0,51.0,36.0,0.0,0.0,574.4,0.0,6.4,NNW,NW,C,mm,km/h,mm
12443,2026-09-03,16:45:00,27.0,28.0,27.0,23.0,51.0,37.0,0.0,0.0,574.3,0.0,0.0,,,C,mm,km/h,mm
12444,2026-09-03,17:00:00,24.0,27.0,24.0,23.0,51.0,52.0,0.0,0.0,575.1,1.6,14.5,NNW,NW,C,mm,km/h,mm
12445,2026-09-03,17:15:00,18.0,24.0,18.0,23.0,51.0,74.0,3.6,100.2,575.4,3.2,19.3,NNW,WNW,C,mm,km/h,mm
12446,2026-09-03,17:30:00,17.0,18.0,17.0,23.0,51.0,83.0,0.4,8.6,575.6,0.0,1.6,W,W,C,mm,km/h,mm
12447,2026-09-03,17:45:00,17.0,17.0,17.0,23.0,52.0,80.0,0.0,0.0,575.8,0.0,4.8,W,NNW,C,mm,km/h,mm
12448,2026-09-03,18:00:00,17.0,17.0,17.0,23.0,52.0,84.0,0.0,0.0,575.9,0.0,4.8,W,W,C,mm,km/h,mm
12449,2026-09-03,18:15:00,17.0,17.0,17.0,23.0,53.0,84.0,0.2,0.0,577.2,0.0,1.6,ENE,NE,C,mm,km/h,mm
12450,2026-09-03,18:30:00,16.0,17.0,16.0,23.0,53.0,85.0,2.8,35.4,577.0,0.0,4.8,ENE,NW,C,mm,km/h,mm
12451,2026-09-03,18:45:00,15.0,16.0,15.0,23.0,54.0,87.0,1.6,12.4,576.8,1.6,6.4,E,E,C,mm,km/h,mm
12452,2026-09-03,19:00:00,15.0,15.0,15.0,23.0,54.0,85.0,0.4,4.2,577.3,1.6,8.0,E,S,C,mm,km/h,mm
12453,2026-09-03,19:15:00,15.0,15.0,15.0,23.0,54.0,87.0,0.0,0.0,577.5,0.0,6.4,ENE,SW,C,mm,km/h,mm
12454,2026-09-03,19:30:00,15.0,15.0,15.0,23.0,54.0,86.0,0.4,3.4,577.9,1.6,8.0,NNW,SW,C,mm,km/h,mm
12455,2026-09-03,19:45:00,15.0,15.0,15.0,23.0,54.0,88.0,0.2,1.2,577.8,0.0,4.8,WSW,W,C,mm,km/h,mm
12456,2026-09-03,20:00:00,16.0,16.0,15.0,23.0,54.0,87.0,0.0,0.0,577.7,1.6,8.0,W,W,C,mm,km/h,mm
12457,2026-09-03,20:15:00,16.0,16.0,16.0,22.0,54.0,83.0,0.0,0.0,577.7,1.6,9.7,WSW,WNW,C,mm,km/h,mm
12458,2026-09-03,20:30:00,16.0,16.0,15.0,22.0,54.0,83.0,0.0,0.0,577.8,0.0,6.4,SSW,SSW,C,mm,km/h,mm
12459,2026-09-03,20:45:00,16.0,16.0,16.0,22.0,54.0,82.0,0.0,0.0,578.0,0.0,4.8,W,W,C,mm,km/h,mm
12460,2026-09-03,21:00:00,15.0,16.0,15.0,22.0,54.0,86.0,0.6,5.8,577.9,0.0,0.0,,,C,mm,km/h,mm
12461,2026-09-03,21:15:00,15.0,15.0,15.0,22.0,54.0,89.0,0.0,0.0,578.1,0.0,0.0,,,C,mm,km/h,mm
12462,2026-09-03,21:30:00,14.0,15.0,14.0,22.0,55.0,90.0,0.0,0.0,578.2,0.0,0.0,,,C,mm,km/h,mm
12463,2026-09-03,21:45:00,14.0,15.0,14.0,22.0,55.0,90.0,0.0,0.0,578.4,0.0,0.0,,,C,mm,km/h,mm
12464,2026-09-03,22:00:00,14.0,14.0,14.0,22.0,55.0,91.0,0.0,0.0,578.3,0.0,0.0,,,C,mm,km/h,mm
12465,2026-09-03,22:15:00,14.0,14.0,14.0,22.0,55.0,92.0,0.0,0.0,578.6,0.0,0.0,,,C,mm,km/h,mm
12466,2026-09-03,22:30:00,14.0,14.0,14.0,22.0,55.0,92.0,0.0,0.0,578.5,0.0,0.0,,,C,mm,km/h,mm
12467,2026-09-03,22:45:00,14.0,14.0,14.0,22.0,55.0,92.0,0.0,0.0,578.5,0.0,0.0,,,C,mm,km/h,mm
12468,2026-09-03,23:00:00,14.0,14.0,14.0,22.0,55.0,93.0,0.0,0.0,578.4,0.0,0.0,,,C,mm,km/h,mm
12469,2026-09-03,23:15:00,13.0,14.0,13.0,22.0,55.0,92.0,0.0,0.0,578.4,0.0,0.0,,,C,mm,km/h,mm
12470,2026-09-03,23:30:00,13.0,13.0,13.0,22.0,56.0,93.0,0.0,0.0,578.4,0.0,0.0,,,C,mm,km/h,mm
12471,2026-09-03,23:45:00,13.0,13.0,13.0,22.0,56.0,93.0,0.0,0.0,578.4,0.0,0.0,,,C,mm,km/h,mm
12567,2026-09-04,00:15:00,14.0,14.0,14.0,22.0,56.0,93.0,0.0,0.0,578.4,0.0,0.0,,,C,mm,km/h,mm
12568,2026-09-04,00:30:00,13.0,14.0,13.0,22.0,56.0,93.0,0.0,0.0,578.3,0.0,0.0,,,C,mm,km/h,mm
12569,2026-09-04,00:45:00,13.0,13.0,13.0,22.0,56.0,93.0,0.0,0.0,578.2,0.0,0.0,,,C,mm,km/h,mm
12570,2026-09-04,01:00:00,13.0,13.0,13.0,22.0,56.0,93.0,0.0,0.0,578.0,0.0,0.0,,,C,mm,km/h,mm
12571,2026-09-04,01:15:00,13.0,13.0,13.0,22.0,56.0,94.0,0.0,0.0,577.9,0.0,0.0,,,C,mm,km/h,mm
12572,2026-09-04,01:30:00,13.0,13.0,13.0,22.0,56.0,94.0,0.0,0.0,578.0,0.0,0.0,,,C,mm,km/h,mm
12573,2026-09-04,01:45:00,13.0,13.0,13.0,22.0,56.0,93.0,0.0,0.0,578.1,0.0,0.0,,,C,mm,km/h,mm
12574,2026-09-04,02:00:00,12.0,13.0,12.0,22.0,56.0,94.0,0.0,0.0,578.0,0.0,0.0,,,C,mm,km/h,mm
12575,2026-09-04,02:15:00,12.0,12.0,12.0,22.0,56.0,94.0,0.0,0.0,577.9,0.0,0.0,,,C,mm,km/h,mm
12576,2026-09-04,02:30:00,12.0,12.0,12.0,22.0,56.0,94.0,0.0,0.0,577.7,0.0,0.0,,,C,mm,km/h,mm
12577,2026-09-04,02:45:00,12.0,12.0,12.0,22.0,56.0,94.0,0.0,0.0,577.7,0.0,0.0,,,C,mm,km/h,mm
12578,2026-09-04,03:00:00,12.0,12.0,12.0,22.0,56.0,94.0,0.0,0.0,577.5,0.0,0.0,,,C,mm,km/h,mm
12579,2026-09-04,03:15:00,12.0,12.0,12.0,22.0,56.0,94.0,0.0,0.0,577.5,0.0,0.0,,,C,mm,km/h,mm
12580,2026-09-04,03:30:00,12.0,12.0,12.0,22.0,56.0,94.0,0.0,0.0,577.7,0.0,0.0,,,C,mm,km/h,mm
12581,2026-09-04,03:45:00,12.0,12.0,12.0,22.0,56.0,94.0,0.0,0.0,577.6,0.0,0.0,,,C,mm,km/h,mm
12582,2026-09-04,04:00:00,12.0,12.0,12.0,21.0,56.0,94.0,0.0,0.0,577.5,0.0,0.0,,,C,mm,km/h,mm
12583,2026-09-04,04:15:00,11.0,12.0,11.0,21.0,56.0,94.0,0.0,0.0,577.3,0.0,0.0,,,C,mm,km/h,mm
12584,2026-09-04,04:30:00,11.0,11.0,11.0,21.0,55.0,94.0,0.0,0.0,577.4,0.0,0.0,,,C,mm,km/h,mm
12585,2026-09-04,04:45:00,11.0,11.0,11.0,21.0,55.0,95.0,0.0,0.0,577.3,0.0,0.0,,,C,mm,km/h,mm
12586,2026-09-04,05:00:00,11.0,11.0,11.0,21.0,55.0,94.0,0.2,0.0,577.4,0.0,0.0,,,C,mm,km/h,mm
12587,2026-09-04,05:15:00,11.0,11.0,11.0,21.0,55.0,95.0,0.0,0.0,577.4,0.0,0.0,,,C,mm,km/h,mm
12588,2026-09-04,05:30:00,11.0,11.0,11.0,21.0,55.0,95.0,0.0,0.0,577.4,0.0,0.0,,,C,mm,km/h,mm
12589,2026-09-04,05:45:00,11.0,11.0,11.0,21.0,55.0,95.0,0.0,0.0,577.4,0.0,0.0,,,C,mm,km/h,mm
12590,2026-09-04,06:00:00,11.0,11.0,11.0,21.0,55.0,95.0,0.0,0.0,577.6,0.0,0.0,,,C,mm,km/h,mm
12591,2026-09-04,06:15:00,11.0,11.0,11.0,21.0,55.0,95.0,0.0,0.0,577.6,0.0,0.0,,,C,mm,km/h,mm
12592,2026-09-04,06:30:00,11.0,11.0,11.0,21.0,55.0,95.0,0.0,0.0,577.8,0.0,0.0,,,C,mm,km/h,mm
12593,2026-09-04,06:45:00,11.0,11.0,11.0,21.0,55.0,95.0,0.0,0.0,578.0,0.0,0.0,,,C,mm,km/h,mm
12594,2026-09-04,07:00:00,11.0,11.0,11.0,21.0,55.0,95.0,0.0,0.0,578.1,0.0,0.0,,,C,mm,km/h,mm
12595,2026-09-04,07:15:00,12.0,12.0,11.0,21.0,55.0,96.0,0.0,0.0,578.1,0.0,0.0,,,C,mm,km/h,mm
12596,2026-09-04,07:30:00,13.0,13.0,12.0,21.0,55.0,96.0,0.0,0.0,578.3,0.0,0.0,,,C,mm,km/h,mm
12597,2026-09-04,07:45:00,13.0,13.0,13.0,21.0,55.0,96.0,0.0,0.0,578.1,0.0,0.0,,,C,mm,km/h,mm
12598,2026-09-04,08:00:00,14.0,14.0,13.0,21.0,55.0,95.0,0.0,0.0,578.2,0.0,0.0,,,C,mm,km/h,mm
12599,2026-09-04,08:15:00,14.0,14.0,14.0,21.0,55.0,93.0,0.0,0.0,578.4,0.0,1.6,NE,NE,C,mm,km/h,mm
12600,2026-09-04,08:30:00,16.0,16.0,14.0,21.0,56.0,88.0,0.0,0.0,578.3,0.0,3.2,WSW,SW,C,mm,km/h,mm
12601,2026-09-04,08:45:00,18.0,18.0,16.0,21.0,56.0,80.0,0.0,0.0,578.4,0.0,1.6,NW,NW,C,mm,km/h,mm
12602,2026-09-04,09:00:00,18.0,18.0,18.0,21.0,56.0,77.0,0.0,0.0,578.4,0.0,0.0,,,C,mm,km/h,mm
12603,2026-09-04,09:15:00,20.0,20.0,18.0,21.0,56.0,72.0,0.0,0.0,578.4,0.0,1.6,NNW,NNW,C,mm,km/h,mm
12604,2026-09-04,09:30:00,20.0,20.0,20.0,22.0,56.0,70.0,0.0,0.0,578.4,0.0,1.6,S,N,C,mm,km/h,mm
12605,2026-09-04,09:45:00,20.0,20.0,20.0,22.0,55.0,68.0,0.0,0.0,578.4,0.0,3.2,NE,WSW,C,mm,km/h,mm
12606,2026-09-04,10:00:00,21.0,21.0,20.0,22.0,55.0,67.0,0.0,0.0,578.4,0.0,3.2,ENE,ENE,C,mm,km/h,mm
12607,2026-09-04,10:15:00,22.0,22.0,21.0,22.0,54.0,65.0,0.0,0.0,578.4,0.0,3.2,ESE,ENE,C,mm,km/h,mm
12608,2026-09-04,10:30:00,23.0,23.0,22.0,22.0,54.0,61.0,0.0,0.0,578.3,0.0,4.8,W,NNW,C,mm,km/h,mm
12609,2026-09-04,10:45:00,23.0,23.0,22.0,22.0,54.0,58.0,0.0,0.0,578.2,0.0,3.2,N,N,C,mm,km/h,mm
12610,2026-09-04,11:00:00,23.0,23.0,23.0,22.0,54.0,57.0,0.0,0.0,578.0,0.0,4.8,NNW,NW,C,mm,km/h,mm
12611,2026-09-04,11:15:00,24.0,24.0,23.0,22.0,54.0,53.0,0.0,0.0,577.9,0.0,4.8,W,SW,C,mm,km/h,mm
12612,2026-09-04,11:30:00,24.0,24.0,24.0,22.0,54.0,53.0,0.0,0.0,577.8,0.0,1.6,E,W,C,mm,km/h,mm
12613,2026-09-04,11:45:00,25.0,25.0,24.0,22.0,54.0,51.0,0.0,0.0,577.7,0.0,11.3,NNW,NW,C,mm,km/h,mm
12614,2026-09-04,12:00:00,25.0,25.0,25.0,22.0,55.0,50.0,0.0,0.0,577.4,0.0,11.3,NW,NW,C,mm,km/h,mm
12615,2026-09-04,12:15:00,25.0,26.0,25.0,22.0,54.0,51.0,0.0,0.0,577.3,0.0,4.8,ENE,E,C,mm,km/h,mm
12616,2026-09-04,12:30:00,26.0,26.0,25.0,22.0,54.0,46.0,0.0,0.0,577.2,1.6,8.0,NNW,NNW,C,mm,km/h,mm
12617,2026-09-04,12:45:00,25.0,26.0,25.0,22.0,54.0,52.0,0.0,0.0,577.0,0.0,4.8,ESE,ESE,C,mm,km/h,mm
12618,2026-09-04,13:00:00,25.0,25.0,25.0,22.0,53.0,47.0,0.0,0.0,576.8,0.0,3.2,N,E,C,mm,km/h,mm
12619,2026-09-04,13:15:00,26.0,26.0,25.0,22.0,53.0,48.0,0.0,0.0,576.6,0.0,4.8,W,WSW,C,mm,km/h,mm
12620,2026-09-04,13:30:00,26.0,26.0,25.0,22.0,53.0,45.0,0.0,0.0,576.5,1.6,11.3,NNW,WSW,C,mm,km/h,mm
12621,2026-09-04,13:45:00,26.0,26.0,26.0,22.0,53.0,43.0,0.0,0.0,576.4,1.6,6.4,E,W,C,mm,km/h,mm
12622,2026-09-04,14:00:00,26.0,26.0,25.0,23.0,52.0,42.0,0.0,0.0,576.2,1.6,9.7,E,E,C,mm,km/h,mm
12623,2026-09-04,14:15:00,27.0,27.0,26.0,23.0,52.0,37.0,0.0,0.0,575.9,0.0,6.4,E,NNW,C,mm,km/h,mm
12624,2026-09-04,14:30:00,28.0,28.0,27.0,23.0,52.0,38.0,0.0,0.0,575.8,0.0,9.7,NW,WSW,C,mm,km/h,mm
12625,2026-09-04,14:45:00,27.0,28.0,27.0,23.0,52.0,36.0,0.0,0.0,575.6,1.6,11.3,SSW,W,C,mm,km/h,mm
12626,2026-09-04,15:00:00,27.0,27.0,27.0,23.0,52.0,39.0,0.0,0.0,575.5,1.6,6.4,NW,SW,C,mm,km/h,mm
12627,2026-09-04,15:15:00,27.0,27.0,27.0,23.0,52.0,39.0,0.0,0.0,575.4,1.6,9.7,W,SSE,C,mm,km/h,mm
12628,2026-09-04,15:30:00,26.0,27.0,26.0,23.0,52.0,38.0,0.0,0.0,575.2,1.6,8.0,W,WSW,C,mm,km/h,mm
12629,2026-09-04,15:45:00,26.0,26.0,26.0,23.0,51.0,40.0,0.0,0.0,575.0,1.6,8.0,W,W,C,mm,km/h,mm
12630,2026-09-04,16:00:00,26.0,26.0,26.0,23.0,51.0,41.0,0.0,0.0,574.9,1.6,9.7,WSW,WSW,C,mm,km/h,mm
12631,2026-09-04,16:15:00,27.0,27.0,26.0,23.0,51.0,38.0,0.0,0.0,574.8,4.8,12.9,W,WSW,C,mm,km/h,mm
12632,2026-09-04,16:30:00,26.0,27.0,26.0,23.0,51.0,45.0,0.0,0.0,574.8,4.8,17.7,W,W,C,mm,km/h,mm
12633,2026-09-04,16:45:00,25.0,26.0,25.0,23.0,51.0,44.0,0.0,0.0,574.7,9.7,20.9,W,NW,C,mm,km/h,mm
12634,2026-09-04,17:00:00,25.0,25.0,25.0,23.0,51.0,44.0,0.0,0.0,574.8,4.8,17.7,W,SW,C,mm,km/h,mm
12635,2026-09-04,17:15:00,25.0,25.0,25.0,23.0,51.0,45.0,0.0,0.0,574.8,4.8,17.7,W,WSW,C,mm,km/h,mm
12636,2026-09-04,17:30:00,25.0,25.0,25.0,23.0,51.0,43.0,0.0,0.0,574.8,6.4,25.7,W,WSW,C,mm,km/h,mm
12637,2026-09-04,17:45:00,24.0,25.0,24.0,23.0,51.0,44.0,0.0,0.0,574.8,4.8,12.9,WSW,WNW,C,mm,km/h,mm
12638,2026-09-04,18:00:00,24.0,24.0,24.0,23.0,51.0,44.0,0.0,0.0,574.9,3.2,11.3,W,WNW,C,mm,km/h,mm
12639,2026-09-04,18:15:00,23.0,24.0,23.0,23.0,51.0,46.0,0.0,0.0,575.0,1.6,9.7,W,W,C,mm,km/h,mm
12640,2026-09-04,18:30:00,23.0,23.0,23.0,23.0,51.0,49.0,0.0,0.0,575.1,1.6,11.3,W,NW,C,mm,km/h,mm
12641,2026-09-04,18:45:00,22.0,23.0,22.0,23.0,51.0,51.0,0.0,0.0,575.3,1.6,6.4,W,NW,C,mm,km/h,mm
12642,2026-09-04,19:00:00,22.0,22.0,22.0,23.0,50.0,53.0,0.0,0.0,575.6,0.0,4.8,NW,WSW,C,mm,km/h,mm
12643,2026-09-04,19:15:00,22.0,22.0,22.0,23.0,50.0,50.0,0.0,0.0,575.8,0.0,4.8,W,N,C,mm,km/h,mm
12644,2026-09-04,19:30:00,21.0,22.0,21.0,23.0,50.0,52.0,0.0,0.0,576.0,0.0,1.6,W,W,C,mm,km/h,mm
12645,2026-09-04,19:45:00,21.0,21.0,21.0,23.0,50.0,54.0,0.0,0.0,576.2,0.0,4.8,NNW,NW,C,mm,km/h,mm
12646,2026-09-04,20:00:00,21.0,21.0,21.0,23.0,50.0,51.0,0.0,0.0,576.4,0.0,8.0,NNW,W,C,mm,km/h,mm
12647,2026-09-04,20:15:00,21.0,21.0,21.0,23.0,50.0,51.0,0.0,0.0,576.7,0.0,3.2,WNW,WSW,C,mm,km/h,mm
12648,2026-09-04,20:30:00,20.0,21.0,20.0,23.0,50.0,51.0,0.0,0.0,576.8,0.0,8.0,WNW,N,C,mm,km/h,mm
12649,2026-09-04,20:45:00,20.0,21.0,20.0,23.0,50.0,51.0,0.0,0.0,577.0,0.0,1.6,W,WNW,C,mm,km/h,mm
12650,2026-09-04,21:00:00,20.0,20.0,20.0,22.0,50.0,53.0,0.0,0.0,577.2,0.0,3.2,W,W,C,mm,km/h,mm
12651,2026-09-04,21:15:00,20.0,20.0,20.0,22.0,50.0,57.0,0.0,0.0,577.3,1.6,8.0,SW,S,C,mm,km/h,mm
12652,2026-09-04,21:30:00,19.0,20.0,19.0,22.0,50.0,60.0,0.0,0.0,577.4,1.6,9.7,W,SW,C,mm,km/h,mm
12653,2026-09-04,21:45:00,19.0,19.0,19.0,22.0,50.0,60.0,0.0,0.0,577.4,1.6,9.7,WSW,SW,C,mm,km/h,mm
12654,2026-09-04,22:00:00,19.0,19.0,19.0,22.0,50.0,61.0,0.0,0.0,577.6,0.0,6.4,SW,SSW,C,mm,km/h,mm
12655,2026-09-04,22:15:00,19.0,19.0,19.0,22.0,50.0,57.0,0.0,0.0,577.6,0.0,3.2,W,W,C,mm,km/h,mm
12656,2026-09-04,22:30:00,19.0,19.0,19.0,22.0,50.0,55.0,0.0,0.0,577.7,0.0,4.8,WSW,SSW,C,mm,km/h,mm
12657,2026-09-04,22:45:00,18.0,19.0,18.0,22.0,50.0,62.0,0.0,0.0,577.6,0.0,3.2,W,W,C,mm,km/h,mm
12658,2026-09-04,23:00:00,18.0,18.0,18.0,22.0,50.0,64.0,0.0,0.0,577.6,0.0,1.6,SW,SW,C,mm,km/h,mm
12659,2026-09-04,23:15:00,17.0,18.0,17.0,22.0,50.0,66.0,0.0,0.0,577.8,0.0,0.0,,,C,mm,km/h,mm
12660,2026-09-04,23:30:00,17.0,17.0,17.0,22.0,50.0,67.0,0.0,0.0,577.8,0.0,0.0,,,C,mm,km/h,mm
12661,2026-09-04,23:45:00,17.0,17.0,17.0,22.0,50.0,69.0,0.0,0.0,577.6,0.0,0.0,,,C,mm,km/h,mm
12662,2026-09-05,00:15:00,17.0,18.0,17.0,22.0,50.0,71.0,0.0,0.0,577.6,0.0,1.6,NNW,NNW,C,mm,km/h,mm
12663,2026-09-05,00:30:00,17.0,18.0,17.0,22.0,50.0,72.0,0.0,0.0,577.5,0.0,4.8,NNE,WSW,C,mm,km/h,mm
12664,2026-09-05,00:45:00,17.0,17.0,17.0,22.0,50.0,71.0,0.0,0.0,577.5,0.0,1.6,W,N,C,mm,km/h,mm
12665,2026-09-05,01:00:00,17.0,17.0,17.0,22.0,50.0,72.0,0.0,0.0,577.3,0.0,1.6,NNW,N,C,mm,km/h,mm
12666,2026-09-05,01:15:00,17.0,17.0,17.0,22.0,50.0,72.0,0.0,0.0,577.2,0.0,0.0,,,C,mm,km/h,mm
12667,2026-09-05,01:30:00,17.0,17.0,17.0,22.0,50.0,75.0,0.0,0.0,577.1,0.0,0.0,,,C,mm,km/h,mm
12668,2026-09-05,01:45:00,16.0,17.0,16.0,22.0,50.0,76.0,0.0,0.0,577.2,0.0,0.0,,,C,mm,km/h,mm
12669,2026-09-05,02:00:00,16.0,16.0,16.0,22.0,50.0,78.0,0.0,0.0,577.1,0.0,0.0,,,C,mm,km/h,mm
12670,2026-09-05,02:15:00,16.0,16.0,16.0,22.0,51.0,81.0,0.0,0.0,576.9,0.0,0.0,,,C,mm,km/h,mm
12671,2026-09-05,02:30:00,16.0,16.0,16.0,22.0,51.0,82.0,0.0,0.0,576.9,0.0,0.0,,,C,mm,km/h,mm
12672,2026-09-05,02:45:00,16.0,16.0,16.0,22.0,51.0,83.0,0.0,0.0,576.8,0.0,0.0,,,C,mm,km/h,mm
12673,2026-09-05,03:00:00,16.0,16.0,16.0,22.0,51.0,83.0,0.0,0.0,576.7,0.0,0.0,,,C,mm,km/h,mm
12674,2026-09-05,03:15:00,16.0,16.0,16.0,22.0,52.0,84.0,0.0,0.0,576.5,0.0,0.0,,,C,mm,km/h,mm
12675,2026-09-05,03:30:00,16.0,16.0,16.0,22.0,52.0,84.0,0.0,0.0,576.5,0.0,0.0,,,C,mm,km/h,mm
12676,2026-09-05,03:45:00,16.0,16.0,16.0,22.0,52.0,85.0,0.0,0.0,576.5,0.0,0.0,,,C,mm,km/h,mm
12677,2026-09-05,04:00:00,16.0,16.0,16.0,22.0,52.0,86.0,0.0,0.0,576.4,0.0,0.0,,,C,mm,km/h,mm
12678,2026-09-05,04:15:00,15.0,16.0,15.0,22.0,52.0,86.0,0.0,0.0,576.4,0.0,0.0,,,C,mm,km/h,mm
12679,2026-09-05,04:30:00,15.0,15.0,15.0,22.0,53.0,86.0,0.0,0.0,576.3,0.0,0.0,,,C,mm,km/h,mm
12680,2026-09-05,04:45:00,15.0,15.0,15.0,22.0,53.0,87.0,0.0,0.0,576.2,0.0,0.0,,,C,mm,km/h,mm
12681,2026-09-05,05:00:00,15.0,15.0,15.0,22.0,53.0,87.0,0.0,0.0,576.2,0.0,1.6,NW,NW,C,mm,km/h,mm
12682,2026-09-05,05:15:00,14.0,15.0,14.0,22.0,53.0,87.0,0.0,0.0,576.3,0.0,0.0,,,C,mm,km/h,mm
12683,2026-09-05,05:30:00,14.0,14.0,14.0,22.0,53.0,87.0,0.0,0.0,576.5,0.0,0.0,,,C,mm,km/h,mm
12684,2026-09-05,05:45:00,14.0,14.0,14.0,22.0,53.0,88.0,0.0,0.0,576.6,0.0,0.0,,,C,mm,km/h,mm
12685,2026-09-05,06:00:00,14.0,14.0,14.0,22.0,53.0,88.0,0.0,0.0,576.7,0.0,0.0,,,C,mm,km/h,mm
12686,2026-09-05,06:15:00,14.0,14.0,14.0,22.0,53.0,89.0,0.0,0.0,576.9,0.0,0.0,,,C,mm,km/h,mm
12687,2026-09-05,06:30:00,14.0,14.0,14.0,22.0,53.0,88.0,0.0,0.0,577.0,0.0,0.0,,,C,mm,km/h,mm
12688,2026-09-05,06:45:00,14.0,14.0,14.0,22.0,53.0,86.0,0.0,0.0,577.3,0.0,0.0,,,C,mm,km/h,mm
12689,2026-09-05,07:00:00,14.0,14.0,14.0,22.0,53.0,86.0,0.0,0.0,577.5,0.0,0.0,,,C,mm,km/h,mm
12690,2026-09-05,07:15:00,15.0,15.0,14.0,22.0,53.0,86.0,0.0,0.0,577.8,0.0,0.0,,,C,mm,km/h,mm
12691,2026-09-05,07:30:00,15.0,15.0,15.0,22.0,53.0,86.0,0.0,0.0,577.7,0.0,0.0,,,C,mm,km/h,mm
12692,2026-09-05,07:45:00,16.0,16.0,15.0,22.0,53.0,82.0,0.0,0.0,577.9,0.0,0.0,,,C,mm,km/h,mm
12693,2026-09-05,08:00:00,17.0,17.0,16.0,22.0,53.0,77.0,0.0,0.0,577.9,0.0,1.6,N,N,C,mm,km/h,mm
12694,2026-09-05,08:15:00,18.0,18.0,18.0,22.0,53.0,73.0,0.0,0.0,578.0,0.0,3.2,SW,WSW,C,mm,km/h,mm
12695,2026-09-05,08:30:00,19.0,19.0,18.0,22.0,53.0,71.0,0.0,0.0,578.1,0.0,0.0,,,C,mm,km/h,mm
12696,2026-09-05,08:45:00,20.0,20.0,19.0,22.0,53.0,70.0,0.0,0.0,578.1,0.0,1.6,SW,SW,C,mm,km/h,mm
12697,2026-09-05,09:00:00,20.0,20.0,19.0,22.0,53.0,70.0,0.0,0.0,578.1,0.0,3.2,W,W,C,mm,km/h,mm
12698,2026-09-05,09:15:00,20.0,20.0,19.0,22.0,54.0,70.0,0.0,0.0,578.1,1.6,6.4,ENE,E,C,mm,km/h,mm
12699,2026-09-05,09:30:00,21.0,21.0,20.0,22.0,54.0,64.0,0.0,0.0,578.1,0.0,4.8,WNW,NNW,C,mm,km/h,mm
12700,2026-09-05,09:45:00,22.0,22.0,21.0,22.0,54.0,61.0,0.0,0.0,577.9,0.0,4.8,NNW,WSW,C,mm,km/h,mm
12701,2026-09-05,10:00:00,21.0,22.0,21.0,22.0,54.0,62.0,0.0,0.0,578.0,0.0,6.4,E,E,C,mm,km/h,mm
12702,2026-09-05,10:15:00,22.0,22.0,21.0,22.0,54.0,61.0,0.0,0.0,577.8,1.6,6.4,E,E,C,mm,km/h,mm
12703,2026-09-05,10:30:00,23.0,23.0,22.0,22.0,54.0,61.0,0.0,0.0,577.7,0.0,4.8,E,E,C,mm,km/h,mm
12704,2026-09-05,10:45:00,23.0,23.0,23.0,22.0,54.0,58.0,0.0,0.0,577.9,1.6,6.4,E,ENE,C,mm,km/h,mm
12705,2026-09-05,11:00:00,24.0,24.0,23.0,22.0,53.0,57.0,0.0,0.0,577.6,1.6,8.0,NW,WNW,C,mm,km/h,mm
12706,2026-09-05,11:15:00,24.0,24.0,24.0,22.0,53.0,51.0,0.0,0.0,577.5,1.6,9.7,ESE,E,C,mm,km/h,mm
12707,2026-09-05,11:30:00,24.0,24.0,24.0,22.0,53.0,52.0,0.0,0.0,577.2,1.6,6.4,E,E,C,mm,km/h,mm
12708,2026-09-05,11:45:00,26.0,26.0,24.0,22.0,53.0,46.0,0.0,0.0,576.9,1.6,9.7,NW,NW,C,mm,km/h,mm
12709,2026-09-05,12:00:00,26.0,26.0,26.0,22.0,53.0,44.0,0.0,0.0,576.8,1.6,8.0,E,NW,C,mm,km/h,mm
12710,2026-09-05,12:15:00,26.0,26.0,26.0,22.0,53.0,45.0,0.0,0.0,576.6,0.0,4.8,E,E,C,mm,km/h,mm
12711,2026-09-05,12:30:00,26.0,26.0,26.0,22.0,53.0,45.0,0.0,0.0,576.3,1.6,8.0,NNW,WNW,C,mm,km/h,mm
12712,2026-09-05,12:45:00,26.0,27.0,26.0,22.0,53.0,45.0,0.0,0.0,576.2,1.6,9.7,E,ESE,C,mm,km/h,mm
12713,2026-09-05,13:00:00,26.0,26.0,26.0,22.0,53.0,47.0,0.0,0.0,576.0,1.6,8.0,E,E,C,mm,km/h,mm
12714,2026-09-05,13:15:00,26.0,26.0,25.0,22.0,53.0,45.0,0.0,0.0,575.9,0.0,4.8,WNW,SE,C,mm,km/h,mm
12715,2026-09-05,13:30:00,26.0,26.0,26.0,22.0,53.0,45.0,0.0,0.0,575.7,1.6,8.0,E,W,C,mm,km/h,mm
12716,2026-09-05,13:45:00,27.0,27.0,26.0,22.0,52.0,41.0,0.0,0.0,575.5,1.6,11.3,W,WSW,C,mm,km/h,mm
12717,2026-09-05,14:00:00,27.0,27.0,26.0,22.0,52.0,42.0,0.0,0.0,575.3,1.6,6.4,E,E,C,mm,km/h,mm
12718,2026-09-05,14:15:00,27.0,27.0,26.0,22.0,52.0,38.0,0.0,0.0,575.0,1.6,6.4,NNW,NNE,C,mm,km/h,mm
12719,2026-09-05,14:30:00,27.0,27.0,26.0,22.0,52.0,37.0,0.0,0.0,574.6,0.0,6.4,NNW,NW,C,mm,km/h,mm
12720,2026-09-05,14:45:00,27.0,28.0,27.0,22.0,52.0,38.0,0.0,0.0,574.2,3.2,14.5,W,WSW,C,mm,km/h,mm
12721,2026-09-05,15:00:00,27.0,28.0,27.0,22.0,52.0,39.0,0.0,0.0,574.0,1.6,11.3,SW,NNW,C,mm,km/h,mm
12722,2026-09-05,15:15:00,27.0,28.0,27.0,22.0,51.0,37.0,0.0,0.0,573.7,1.6,9.7,NNW,NW,C,mm,km/h,mm
12723,2026-09-05,15:30:00,28.0,28.0,27.0,22.0,51.0,38.0,0.0,0.0,573.6,3.2,16.1,WSW,WSW,C,mm,km/h,mm
12724,2026-09-05,15:45:00,28.0,28.0,28.0,22.0,51.0,37.0,0.0,0.0,573.5,4.8,22.5,SW,WNW,C,mm,km/h,mm
12725,2026-09-05,16:00:00,27.0,28.0,27.0,22.0,51.0,40.0,0.0,0.0,573.5,1.6,12.9,N,WNW,C,mm,km/h,mm
12726,2026-09-05,16:15:00,27.0,27.0,27.0,22.0,50.0,39.0,0.0,0.0,573.4,1.6,8.0,WSW,S,C,mm,km/h,mm
12727,2026-09-05,16:30:00,26.0,27.0,26.0,22.0,50.0,38.0,0.0,0.0,573.5,1.6,11.3,W,WSW,C,mm,km/h,mm
12728,2026-09-05,16:45:00,25.0,26.0,25.0,22.0,50.0,41.0,0.0,0.0,573.5,0.0,3.2,E,W,C,mm,km/h,mm
12729,2026-09-05,17:00:00,24.0,25.0,24.0,22.0,50.0,49.0,0.0,0.0,574.1,3.2,12.9,NW,NW,C,mm,km/h,mm
12730,2026-09-05,17:15:00,19.0,24.0,19.0,22.0,50.0,73.0,0.4,8.0,574.8,9.7,24.1,NW,WNW,C,mm,km/h,mm
12731,2026-09-05,17:30:00,15.0,19.0,15.0,22.0,51.0,87.0,10.0,371.6,574.9,8.0,24.1,NW,NNW,C,mm,km/h,mm
12732,2026-09-05,17:45:00,15.0,15.0,15.0,22.0,52.0,87.0,1.2,11.6,575.0,3.2,19.3,NNW,NNW,C,mm,km/h,mm
12733,2026-09-05,18:00:00,15.0,15.0,15.0,22.0,53.0,84.0,0.4,2.6,575.1,1.6,14.5,NNW,NNW,C,mm,km/h,mm
12734,2026-09-05,18:15:00,15.0,15.0,15.0,22.0,53.0,86.0,0.0,0.0,575.3,0.0,4.8,NNW,NW,C,mm,km/h,mm
12735,2026-09-05,18:30:00,15.0,15.0,15.0,22.0,53.0,84.0,0.6,2.4,575.6,1.6,11.3,NNW,NW,C,mm,km/h,mm
12736,2026-09-05,18:45:00,15.0,15.0,15.0,22.0,53.0,86.0,0.2,2.4,575.9,0.0,9.7,ENE,SSE,C,mm,km/h,mm
12737,2026-09-05,19:00:00,15.0,15.0,15.0,22.0,53.0,88.0,0.4,1.6,576.5,0.0,6.4,E,N,C,mm,km/h,mm
12738,2026-09-05,19:15:00,15.0,15.0,15.0,22.0,53.0,89.0,0.4,1.8,576.9,0.0,1.6,N,N,C,mm,km/h,mm
12739,2026-09-05,19:30:00,15.0,15.0,15.0,22.0,53.0,90.0,0.2,1.4,576.9,0.0,0.0,,,C,mm,km/h,mm
12740,2026-09-05,19:45:00,15.0,15.0,15.0,22.0,54.0,91.0,0.4,1.6,576.9,0.0,0.0,,,C,mm,km/h,mm
12741,2026-09-05,20:00:00,15.0,15.0,15.0,22.0,54.0,91.0,0.4,1.8,576.8,0.0,1.6,NE,NE,C,mm,km/h,mm
12742,2026-09-05,20:15:00,15.0,15.0,15.0,22.0,54.0,91.0,0.0,0.0,576.7,0.0,3.2,E,ENE,C,mm,km/h,mm
12743,2026-09-05,20:30:00,15.0,15.0,15.0,22.0,54.0,91.0,0.2,0.0,576.8,0.0,0.0,,,C,mm,km/h,mm
12744,2026-09-05,20:45:00,15.0,15.0,15.0,22.0,54.0,91.0,0.0,0.0,576.9,0.0,0.0,,,C,mm,km/h,mm
12745,2026-09-05,21:00:00,15.0,15.0,15.0,22.0,55.0,91.0,0.0,0.0,577.2,0.0,1.6,NNE,NNE,C,mm,km/h,mm
12746,2026-09-05,21:15:00,15.0,15.0,15.0,22.0,55.0,91.0,0.0,0.0,577.4,0.0,1.6,NW,NW,C,mm,km/h,mm
12747,2026-09-05,21:30:00,15.0,15.0,15.0,22.0,55.0,91.0,0.0,0.0,577.7,0.0,0.0,,,C,mm,km/h,mm
12748,2026-09-05,21:45:00,15.0,15.0,15.0,22.0,55.0,92.0,0.0,0.0,577.9,0.0,0.0,,,C,mm,km/h,mm
12749,2026-09-05,22:00:00,15.0,15.0,15.0,22.0,55.0,92.0,0.0,0.0,578.2,0.0,0.0,,,C,mm,km/h,mm
12750,2026-09-05,22:15:00,15.0,15.0,15.0,22.0,55.0,92.0,0.0,0.0,578.3,0.0,0.0,,,C,mm,km/h,mm
12751,2026-09-05,22:30:00,15.0,15.0,15.0,22.0,56.0,92.0,0.0,0.0,578.5,0.0,0.0,,,C,mm,km/h,mm
12752,2026-09-05,22:45:00,15.0,15.0,15.0,22.0,56.0,92.0,0.0,0.0,578.4,0.0,0.0,,,C,mm,km/h,mm
12753,2026-09-05,23:00:00,15.0,15.0,15.0,22.0,56.0,92.0,0.0,0.0,578.3,0.0,0.0,,,C,mm,km/h,mm
12754,2026-09-05,23:15:00,15.0,15.0,15.0,22.0,56.0,93.0,0.0,0.0,578.0,0.0,0.0,,,C,mm,km/h,mm
12755,2026-09-05,23:30:00,15.0,15.0,15.0,22.0,56.0,93.0,0.0,0.0,577.9,0.0,0.0,,,C,mm,km/h,mm
12756,2026-09-05,23:45:00,15.0,15.0,15.0,22.0,56.0,93.0,0.0,0.0,577.9,0.0,0.0,,,C,mm,km/h,mm
12757,2026-09-06,00:15:00,15.0,15.0,15.0,22.0,56.0,93.0,0.0,0.0,577.8,0.0,0.0,,,C,mm,km/h,mm
12758,2026-09-06,00:30:00,15.0,15.0,15.0,22.0,57.0,93.0,0.0,0.0,577.8,0.0,0.0,,,C,mm,km/h,mm
12759,2026-09-06,00:45:00,15.0,15.0,15.0,22.0,57.0,93.0,0.0,0.0,577.5,0.0,0.0,,,C,mm,km/h,mm
12760,2026-09-06,01:00:00,15.0,15.0,15.0,22.0,57.0,93.0,0.0,0.0,577.4,0.0,0.0,,,C,mm,km/h,mm
12761,2026-09-06,01:15:00,15.0,15.0,15.0,22.0,57.0,93.0,0.0,0.0,577.3,0.0,0.0,,,C,mm,km/h,mm
12762,2026-09-06,01:30:00,15.0,15.0,15.0,22.0,57.0,94.0,0.0,0.0,577.2,0.0,0.0,,,C,mm,km/h,mm
12763,2026-09-06,01:45:00,15.0,15.0,15.0,22.0,57.0,94.0,0.0,0.0,577.0,0.0,0.0,,,C,mm,km/h,mm
12764,2026-09-06,02:00:00,15.0,15.0,15.0,22.0,57.0,94.0,0.0,0.0,576.8,0.0,0.0,,,C,mm,km/h,mm
12765,2026-09-06,02:15:00,14.0,15.0,14.0,22.0,57.0,94.0,0.0,0.0,576.7,0.0,0.0,,,C,mm,km/h,mm
12766,2026-09-06,02:30:00,14.0,14.0,14.0,22.0,57.0,94.0,0.0,0.0,576.6,0.0,0.0,,,C,mm,km/h,mm
12767,2026-09-06,02:45:00,14.0,14.0,14.0,22.0,57.0,94.0,0.0,0.0,576.7,0.0,0.0,,,C,mm,km/h,mm
12768,2026-09-06,03:00:00,14.0,14.0,14.0,22.0,57.0,94.0,0.0,0.0,576.4,0.0,0.0,,,C,mm,km/h,mm
12769,2026-09-06,03:15:00,14.0,14.0,14.0,22.0,57.0,94.0,0.0,0.0,576.4,0.0,0.0,,,C,mm,km/h,mm
12770,2026-09-06,03:30:00,14.0,14.0,14.0,22.0,57.0,94.0,0.0,0.0,576.3,0.0,0.0,,,C,mm,km/h,mm
12771,2026-09-06,03:45:00,14.0,14.0,14.0,22.0,57.0,94.0,0.0,0.0,576.2,0.0,0.0,,,C,mm,km/h,mm
12772,2026-09-06,04:00:00,14.0,14.0,14.0,22.0,58.0,94.0,0.0,0.0,576.2,0.0,0.0,,,C,mm,km/h,mm
12773,2026-09-06,04:15:00,14.0,14.0,14.0,22.0,58.0,94.0,0.0,0.0,576.1,0.0,0.0,,,C,mm,km/h,mm
12774,2026-09-06,04:30:00,14.0,14.0,14.0,22.0,58.0,94.0,0.0,0.0,576.2,0.0,0.0,,,C,mm,km/h,mm
12775,2026-09-06,04:45:00,14.0,14.0,14.0,22.0,58.0,94.0,0.0,0.0,576.2,0.0,0.0,,,C,mm,km/h,mm
12776,2026-09-06,05:00:00,14.0,14.0,14.0,22.0,58.0,94.0,0.0,0.0,576.3,0.0,0.0,,,C,mm,km/h,mm
12777,2026-09-06,05:15:00,14.0,14.0,14.0,22.0,58.0,95.0,0.0,0.0,576.2,0.0,0.0,,,C,mm,km/h,mm
12778,2026-09-06,05:30:00,14.0,14.0,14.0,22.0,58.0,95.0,0.0,0.0,576.2,0.0,0.0,,,C,mm,km/h,mm
12779,2026-09-06,05:45:00,14.0,14.0,14.0,22.0,58.0,95.0,0.0,0.0,576.2,0.0,1.6,NNW,NNW,C,mm,km/h,mm
12780,2026-09-06,06:00:00,14.0,14.0,14.0,22.0,58.0,94.0,0.0,0.0,576.3,0.0,0.0,,,C,mm,km/h,mm
12781,2026-09-06,06:15:00,14.0,14.0,14.0,22.0,58.0,94.0,0.0,0.0,576.6,0.0,0.0,,,C,mm,km/h,mm
12782,2026-09-06,06:30:00,14.0,14.0,14.0,22.0,58.0,95.0,0.0,0.0,576.7,0.0,0.0,,,C,mm,km/h,mm
12783,2026-09-06,06:45:00,14.0,14.0,14.0,22.0,58.0,95.0,0.0,0.0,576.9,0.0,0.0,,,C,mm,km/h,mm
12784,2026-09-06,07:00:00,14.0,14.0,14.0,22.0,58.0,95.0,0.0,0.0,577.0,0.0,0.0,,,C,mm,km/h,mm
12785,2026-09-06,07:15:00,14.0,14.0,14.0,22.0,58.0,95.0,0.0,0.0,577.1,0.0,0.0,,,C,mm,km/h,mm
12786,2026-09-06,07:30:00,15.0,15.0,14.0,21.0,58.0,95.0,0.0,0.0,577.3,0.0,0.0,,,C,mm,km/h,mm
12787,2026-09-06,07:45:00,14.0,15.0,14.0,21.0,58.0,94.0,0.0,0.0,577.4,0.0,1.6,NNW,NNW,C,mm,km/h,mm
12788,2026-09-06,08:00:00,15.0,15.0,14.0,21.0,58.0,93.0,0.0,0.0,577.5,0.0,0.0,,,C,mm,km/h,mm
12789,2026-09-06,08:15:00,15.0,15.0,15.0,21.0,58.0,91.0,0.0,0.0,577.7,0.0,1.6,SW,SW,C,mm,km/h,mm
12790,2026-09-06,08:30:00,16.0,16.0,15.0,21.0,58.0,89.0,0.0,0.0,577.9,0.0,0.0,,,C,mm,km/h,mm
12791,2026-09-06,08:45:00,16.0,16.0,16.0,21.0,58.0,89.0,0.0,0.0,577.9,0.0,0.0,,,C,mm,km/h,mm
12792,2026-09-06,09:00:00,16.0,16.0,16.0,21.0,58.0,88.0,0.0,0.0,577.9,0.0,1.6,SW,WSW,C,mm,km/h,mm
12793,2026-09-06,09:15:00,17.0,17.0,16.0,21.0,58.0,85.0,0.0,0.0,577.9,0.0,1.6,SW,SW,C,mm,km/h,mm
12794,2026-09-06,09:30:00,17.0,17.0,17.0,21.0,58.0,84.0,0.0,0.0,578.0,0.0,1.6,ENE,ENE,C,mm,km/h,mm
12795,2026-09-06,09:45:00,17.0,17.0,17.0,21.0,58.0,82.0,0.0,0.0,578.0,0.0,1.6,ENE,ENE,C,mm,km/h,mm
12796,2026-09-06,10:00:00,18.0,18.0,17.0,21.0,57.0,80.0,0.0,0.0,578.1,0.0,3.2,W,WNW,C,mm,km/h,mm
12797,2026-09-06,10:15:00,18.0,18.0,18.0,21.0,57.0,77.0,0.0,0.0,578.0,0.0,3.2,ENE,ENE,C,mm,km/h,mm
12798,2026-09-06,10:30:00,19.0,19.0,18.0,21.0,57.0,76.0,0.0,0.0,578.0,0.0,3.2,W,NW,C,mm,km/h,mm
12799,2026-09-06,10:45:00,19.0,19.0,19.0,21.0,57.0,75.0,0.0,0.0,578.0,0.0,1.6,NNW,NNW,C,mm,km/h,mm
12800,2026-09-06,11:00:00,19.0,19.0,19.0,21.0,57.0,71.0,0.0,0.0,578.0,0.0,3.2,NNW,NNW,C,mm,km/h,mm
12801,2026-09-06,11:15:00,19.0,19.0,19.0,21.0,57.0,73.0,0.0,0.0,577.9,0.0,1.6,E,E,C,mm,km/h,mm
12802,2026-09-06,11:30:00,21.0,21.0,19.0,21.0,57.0,67.0,0.0,0.0,577.7,0.0,4.8,NW,NW,C,mm,km/h,mm
12803,2026-09-06,11:45:00,22.0,22.0,21.0,21.0,57.0,65.0,0.0,0.0,577.5,1.6,8.0,NNW,WNW,C,mm,km/h,mm
12804,2026-09-06,12:00:00,22.0,22.0,22.0,21.0,57.0,65.0,0.0,0.0,577.4,1.6,4.8,NNW,ENE,C,mm,km/h,mm
12805,2026-09-06,12:15:00,23.0,23.0,22.0,21.0,57.0,62.0,0.0,0.0,577.3,0.0,8.0,NNW,WNW,C,mm,km/h,mm
12806,2026-09-06,12:30:00,23.0,23.0,22.0,21.0,57.0,64.0,0.0,0.0,577.2,1.6,11.3,E,SE,C,mm,km/h,mm
12807,2026-09-06,12:45:00,23.0,23.0,22.0,21.0,57.0,61.0,0.0,0.0,576.7,1.6,8.0,ESE,E,C,mm,km/h,mm
12808,2026-09-06,13:00:00,24.0,24.0,23.0,22.0,57.0,57.0,0.0,0.0,576.3,0.0,3.2,E,W,C,mm,km/h,mm
12809,2026-09-06,13:15:00,24.0,24.0,23.0,22.0,57.0,56.0,0.0,0.0,576.0,1.6,6.4,E,NNW,C,mm,km/h,mm
12810,2026-09-06,13:30:00,24.0,24.0,23.0,22.0,57.0,57.0,0.0,0.0,575.9,1.6,8.0,NNW,WNW,C,mm,km/h,mm
12811,2026-09-06,13:45:00,25.0,25.0,24.0,22.0,57.0,54.0,0.0,0.0,575.7,0.0,4.8,NW,NW,C,mm,km/h,mm
12812,2026-09-06,14:00:00,25.0,25.0,25.0,22.0,57.0,51.0,0.0,0.0,575.6,1.6,6.4,NW,SSW,C,mm,km/h,mm
12813,2026-09-06,14:15:00,25.0,25.0,25.0,22.0,57.0,51.0,0.0,0.0,575.1,0.0,6.4,E,ENE,C,mm,km/h,mm
12814,2026-09-06,14:30:00,26.0,26.0,25.0,22.0,57.0,49.0,0.0,0.0,575.0,0.0,4.8,WNW,WSW,C,mm,km/h,mm
12815,2026-09-06,14:45:00,24.0,26.0,24.0,22.0,57.0,54.0,0.0,0.0,574.9,1.6,11.3,WSW,W,C,mm,km/h,mm
12816,2026-09-06,15:00:00,23.0,24.0,23.0,22.0,56.0,57.0,0.0,0.0,574.7,1.6,8.0,WSW,WSW,C,mm,km/h,mm
12817,2026-09-06,15:15:00,23.0,23.0,23.0,22.0,56.0,55.0,0.0,0.0,574.5,1.6,9.7,W,S,C,mm,km/h,mm
12818,2026-09-06,15:30:00,22.0,23.0,22.0,22.0,56.0,58.0,0.0,0.0,574.5,3.2,9.7,WSW,WSW,C,mm,km/h,mm
12819,2026-09-06,15:45:00,22.0,22.0,22.0,22.0,56.0,60.0,0.0,0.0,574.4,3.2,9.7,SW,S,C,mm,km/h,mm
12820,2026-09-06,16:00:00,23.0,23.0,22.0,22.0,56.0,59.0,0.0,0.0,574.3,3.2,11.3,WSW,S,C,mm,km/h,mm
12821,2026-09-06,16:15:00,22.0,23.0,22.0,22.0,56.0,60.0,0.0,0.0,574.1,3.2,11.3,WSW,ENE,C,mm,km/h,mm
12822,2026-09-06,16:30:00,22.0,22.0,22.0,22.0,55.0,60.0,0.0,0.0,574.1,1.6,8.0,WSW,NE,C,mm,km/h,mm
12823,2026-09-06,16:45:00,22.0,22.0,22.0,22.0,55.0,57.0,0.0,0.0,574.1,1.6,8.0,WSW,SW,C,mm,km/h,mm
12824,2026-09-06,17:00:00,21.0,22.0,21.0,22.0,55.0,68.0,0.0,0.0,574.2,1.6,8.0,NNW,ENE,C,mm,km/h,mm
12825,2026-09-06,17:15:00,19.0,21.0,19.0,22.0,55.0,73.0,0.0,0.0,574.4,0.0,6.4,E,NNW,C,mm,km/h,mm
12826,2026-09-06,17:30:00,18.0,19.0,18.0,22.0,55.0,81.0,0.0,0.0,574.6,1.6,6.4,E,ESE,C,mm,km/h,mm
12827,2026-09-06,17:45:00,18.0,18.0,18.0,22.0,55.0,85.0,0.0,0.0,574.7,0.0,4.8,E,E,C,mm,km/h,mm
12828,2026-09-06,18:00:00,17.0,18.0,17.0,22.0,56.0,87.0,0.0,0.0,574.8,0.0,4.8,E,NE,C,mm,km/h,mm
12829,2026-09-06,18:15:00,17.0,17.0,17.0,22.0,56.0,87.0,0.0,0.0,575.1,0.0,3.2,E,E,C,mm,km/h,mm
12830,2026-09-06,18:30:00,17.0,17.0,17.0,22.0,56.0,88.0,0.2,0.0,575.3,0.0,0.0,,,C,mm,km/h,mm
12831,2026-09-06,18:45:00,16.0,17.0,16.0,22.0,57.0,89.0,0.2,0.0,575.4,0.0,0.0,,,C,mm,km/h,mm
12832,2026-09-06,19:00:00,16.0,16.0,16.0,22.0,57.0,90.0,0.2,0.8,575.7,0.0,0.0,,,C,mm,km/h,mm
12833,2026-09-06,19:15:00,16.0,16.0,16.0,22.0,57.0,91.0,0.0,0.0,576.1,0.0,0.0,,,C,mm,km/h,mm
12834,2026-09-06,19:30:00,16.0,16.0,16.0,22.0,57.0,90.0,0.0,0.0,576.2,0.0,3.2,WNW,WNW,C,mm,km/h,mm
12835,2026-09-06,19:45:00,17.0,17.0,16.0,22.0,57.0,88.0,0.0,0.0,576.3,0.0,3.2,E,E,C,mm,km/h,mm
12836,2026-09-06,20:00:00,16.0,17.0,16.0,22.0,58.0,89.0,0.2,0.0,576.6,0.0,0.0,,,C,mm,km/h,mm
12837,2026-09-06,20:15:00,16.0,16.0,16.0,22.0,58.0,88.0,0.4,4.6,577.1,0.0,4.8,E,SW,C,mm,km/h,mm
12838,2026-09-06,20:30:00,15.0,16.0,15.0,22.0,58.0,89.0,3.0,37.4,577.7,0.0,6.4,NNW,WNW,C,mm,km/h,mm
12839,2026-09-06,20:45:00,14.0,15.0,14.0,22.0,58.0,90.0,6.6,74.4,577.9,1.6,12.9,NW,NNW,C,mm,km/h,mm
12840,2026-09-06,21:00:00,14.0,14.0,14.0,22.0,58.0,91.0,1.8,11.2,578.1,0.0,0.0,,,C,mm,km/h,mm
12841,2026-09-06,21:15:00,14.0,14.0,14.0,22.0,58.0,92.0,1.0,6.2,578.3,0.0,0.0,,,C,mm,km/h,mm
12842,2026-09-06,21:30:00,14.0,14.0,14.0,22.0,58.0,92.0,0.8,4.6,578.3,0.0,0.0,,,C,mm,km/h,mm
12843,2026-09-06,21:45:00,14.0,14.0,14.0,22.0,58.0,92.0,0.6,2.6,578.4,0.0,0.0,,,C,mm,km/h,mm
12844,2026-09-06,22:00:00,14.0,14.0,14.0,22.0,58.0,92.0,0.4,2.6,578.5,0.0,0.0,,,C,mm,km/h,mm
12845,2026-09-06,22:15:00,14.0,14.0,14.0,22.0,58.0,92.0,0.0,0.0,578.5,0.0,0.0,,,C,mm,km/h,mm
12846,2026-09-06,22:30:00,14.0,14.0,14.0,22.0,58.0,92.0,0.2,0.0,578.4,0.0,0.0,,,C,mm,km/h,mm
12847,2026-09-06,22:45:00,14.0,14.0,14.0,22.0,58.0,92.0,0.0,0.0,578.3,0.0,0.0,,,C,mm,km/h,mm
12848,2026-09-06,23:00:00,14.0,14.0,14.0,22.0,58.0,93.0,0.0,0.0,578.3,0.0,0.0,,,C,mm,km/h,mm
12849,2026-09-06,23:15:00,14.0,14.0,14.0,22.0,58.0,93.0,0.0,0.0,578.2,0.0,0.0,,,C,mm,km/h,mm
12850,2026-09-06,23:30:00,14.0,14.0,14.0,22.0,58.0,93.0,0.2,0.0,577.9,0.0,1.6,ENE,NNW,C,mm,km/h,mm
12851,2026-09-06,23:45:00,14.0,14.0,14.0,22.0,58.0,92.0,0.2,0.0,577.7,0.0,1.6,ENE,ENE,C,mm,km/h,mm
12852,2026-09-08,00:15:00,15.0,15.0,15.0,22.0,58.0,91.0,0.0,0.0,578.7,0.0,0.0,,,C,mm,km/h,mm
12853,2026-09-08,00:30:00,15.0,15.0,15.0,22.0,58.0,91.0,0.0,0.0,578.6,0.0,0.0,,,C,mm,km/h,mm
12854,2026-09-08,00:45:00,15.0,15.0,15.0,21.0,58.0,92.0,0.0,0.0,578.7,0.0,0.0,,,C,mm,km/h,mm
12855,2026-09-08,01:00:00,15.0,15.0,15.0,21.0,58.0,92.0,0.0,0.0,578.6,0.0,0.0,,,C,mm,km/h,mm
12856,2026-09-08,01:15:00,15.0,15.0,15.0,21.0,58.0,92.0,0.0,0.0,578.4,0.0,0.0,,,C,mm,km/h,mm
12857,2026-09-08,01:30:00,15.0,15.0,15.0,21.0,58.0,91.0,0.0,0.0,578.5,0.0,0.0,,,C,mm,km/h,mm
12858,2026-09-08,01:45:00,15.0,15.0,15.0,21.0,58.0,91.0,0.0,0.0,578.4,0.0,0.0,,,C,mm,km/h,mm
12859,2026-09-08,02:00:00,14.0,15.0,14.0,21.0,58.0,91.0,0.0,0.0,578.3,0.0,0.0,,,C,mm,km/h,mm
12860,2026-09-08,02:15:00,14.0,15.0,14.0,21.0,58.0,90.0,0.0,0.0,578.3,0.0,0.0,,,C,mm,km/h,mm
12861,2026-09-08,02:30:00,15.0,15.0,14.0,21.0,58.0,90.0,0.0,0.0,578.1,0.0,0.0,,,C,mm,km/h,mm
12862,2026-09-08,02:45:00,15.0,15.0,15.0,21.0,58.0,90.0,0.0,0.0,577.8,0.0,0.0,,,C,mm,km/h,mm
12863,2026-09-08,03:00:00,15.0,15.0,15.0,21.0,58.0,90.0,0.0,0.0,577.7,0.0,1.6,SSW,SW,C,mm,km/h,mm
12864,2026-09-08,03:15:00,15.0,15.0,15.0,21.0,58.0,90.0,0.0,0.0,577.6,0.0,1.6,SW,SW,C,mm,km/h,mm
12865,2026-09-08,03:30:00,15.0,15.0,15.0,21.0,58.0,90.0,0.0,0.0,577.6,0.0,0.0,,,C,mm,km/h,mm
12866,2026-09-08,03:45:00,15.0,15.0,15.0,21.0,58.0,90.0,0.0,0.0,577.5,0.0,0.0,,,C,mm,km/h,mm
12867,2026-09-08,04:00:00,15.0,15.0,15.0,21.0,58.0,90.0,0.0,0.0,577.4,0.0,0.0,,,C,mm,km/h,mm
12868,2026-09-08,04:15:00,14.0,15.0,14.0,21.0,58.0,91.0,0.0,0.0,577.5,0.0,0.0,,,C,mm,km/h,mm
12869,2026-09-08,04:30:00,14.0,14.0,14.0,21.0,58.0,91.0,0.0,0.0,577.7,0.0,0.0,,,C,mm,km/h,mm
12870,2026-09-08,04:45:00,14.0,14.0,14.0,21.0,58.0,92.0,0.0,0.0,577.7,0.0,0.0,,,C,mm,km/h,mm
12871,2026-09-08,05:00:00,14.0,14.0,14.0,21.0,58.0,92.0,0.0,0.0,577.7,0.0,0.0,,,C,mm,km/h,mm
12872,2026-09-08,05:15:00,14.0,14.0,14.0,21.0,58.0,93.0,0.0,0.0,577.8,0.0,0.0,,,C,mm,km/h,mm
12873,2026-09-08,05:30:00,14.0,14.0,14.0,21.0,58.0,92.0,0.0,0.0,578.0,0.0,0.0,,,C,mm,km/h,mm
12874,2026-09-08,05:45:00,14.0,14.0,14.0,21.0,59.0,92.0,0.0,0.0,578.1,0.0,0.0,,,C,mm,km/h,mm
12875,2026-09-08,06:00:00,15.0,15.0,14.0,21.0,59.0,91.0,0.0,0.0,578.2,0.0,0.0,,,C,mm,km/h,mm
12876,2026-09-08,06:15:00,15.0,15.0,15.0,21.0,59.0,91.0,0.0,0.0,578.3,0.0,0.0,,,C,mm,km/h,mm
12877,2026-09-08,06:30:00,15.0,15.0,15.0,21.0,59.0,92.0,0.0,0.0,578.5,0.0,0.0,,,C,mm,km/h,mm
12878,2026-09-08,06:45:00,15.0,15.0,15.0,21.0,60.0,92.0,0.0,0.0,578.7,0.0,0.0,,,C,mm,km/h,mm
12879,2026-09-08,07:00:00,15.0,15.0,15.0,21.0,60.0,91.0,0.0,0.0,579.0,0.0,0.0,,,C,mm,km/h,mm
12880,2026-09-08,07:15:00,15.0,15.0,15.0,21.0,59.0,91.0,0.0,0.0,579.0,0.0,0.0,,,C,mm,km/h,mm
12881,2026-09-08,07:30:00,15.0,15.0,15.0,21.0,59.0,90.0,0.0,0.0,579.0,0.0,0.0,,,C,mm,km/h,mm
12882,2026-09-08,07:45:00,15.0,15.0,15.0,21.0,59.0,89.0,0.0,0.0,579.1,0.0,0.0,,,C,mm,km/h,mm
12883,2026-09-08,08:00:00,16.0,16.0,15.0,21.0,59.0,88.0,0.0,0.0,579.2,0.0,0.0,,,C,mm,km/h,mm
12884,2026-09-08,08:15:00,17.0,17.0,16.0,21.0,59.0,84.0,0.0,0.0,579.4,0.0,0.0,,,C,mm,km/h,mm
12885,2026-09-08,08:30:00,18.0,18.0,17.0,21.0,59.0,81.0,0.0,0.0,579.4,0.0,3.2,N,WSW,C,mm,km/h,mm
12886,2026-09-08,08:45:00,18.0,18.0,18.0,21.0,59.0,78.0,0.0,0.0,579.4,0.0,1.6,ENE,NE,C,mm,km/h,mm
12887,2026-09-08,09:00:00,19.0,19.0,18.0,22.0,59.0,74.0,0.0,0.0,579.4,0.0,0.0,,,C,mm,km/h,mm
12888,2026-09-08,09:15:00,19.0,19.0,19.0,22.0,58.0,74.0,0.0,0.0,579.5,0.0,3.2,ENE,ENE,C,mm,km/h,mm
12889,2026-09-08,09:30:00,19.0,19.0,18.0,22.0,58.0,74.0,0.0,0.0,579.6,0.0,3.2,ENE,E,C,mm,km/h,mm
12890,2026-09-08,09:45:00,19.0,19.0,19.0,22.0,58.0,71.0,0.0,0.0,579.7,0.0,4.8,E,E,C,mm,km/h,mm
12891,2026-09-08,10:00:00,21.0,21.0,19.0,22.0,57.0,69.0,0.0,0.0,579.7,0.0,3.2,N,N,C,mm,km/h,mm
12892,2026-09-08,10:15:00,21.0,21.0,21.0,22.0,57.0,67.0,0.0,0.0,579.7,0.0,3.2,NW,ESE,C,mm,km/h,mm
12893,2026-09-08,10:30:00,22.0,22.0,21.0,22.0,57.0,63.0,0.0,0.0,579.7,0.0,3.2,N,NNW,C,mm,km/h,mm
12894,2026-09-08,10:45:00,22.0,22.0,22.0,22.0,56.0,62.0,0.0,0.0,579.7,0.0,6.4,ENE,NNW,C,mm,km/h,mm
12895,2026-09-08,11:00:00,21.0,22.0,21.0,22.0,56.0,64.0,0.0,0.0,579.6,0.0,3.2,E,E,C,mm,km/h,mm
12896,2026-09-08,11:15:00,21.0,21.0,21.0,22.0,56.0,65.0,0.0,0.0,579.7,0.0,6.4,E,E,C,mm,km/h,mm
12897,2026-09-08,11:30:00,22.0,22.0,21.0,22.0,56.0,66.0,0.0,0.0,579.5,0.0,4.8,E,E,C,mm,km/h,mm
12898,2026-09-08,11:45:00,23.0,23.0,22.0,22.0,56.0,57.0,0.0,0.0,579.3,0.0,6.4,WSW,WSW,C,mm,km/h,mm
12899,2026-09-08,12:00:00,24.0,24.0,23.0,22.0,56.0,55.0,0.0,0.0,579.1,0.0,8.0,SW,NW,C,mm,km/h,mm
12900,2026-09-08,12:15:00,24.0,24.0,24.0,22.0,55.0,54.0,0.0,0.0,578.9,0.0,4.8,SW,WSW,C,mm,km/h,mm
12901,2026-09-08,12:30:00,24.0,25.0,24.0,22.0,55.0,54.0,0.0,0.0,578.7,1.6,12.9,SW,SW,C,mm,km/h,mm
12902,2026-09-08,12:45:00,24.0,24.0,23.0,22.0,54.0,53.0,0.0,0.0,578.5,1.6,8.0,WSW,WSW,C,mm,km/h,mm
12903,2026-09-08,13:00:00,25.0,25.0,24.0,22.0,54.0,48.0,0.0,0.0,578.1,3.2,12.9,WSW,W,C,mm,km/h,mm
12904,2026-09-08,13:15:00,25.0,25.0,25.0,22.0,54.0,47.0,0.0,0.0,577.9,1.6,4.8,E,ENE,C,mm,km/h,mm
12905,2026-09-08,13:30:00,25.0,26.0,25.0,23.0,52.0,45.0,0.0,0.0,577.9,1.6,11.3,W,WSW,C,mm,km/h,mm
12906,2026-09-08,13:45:00,25.0,25.0,25.0,23.0,52.0,47.0,0.0,0.0,577.8,0.0,9.7,W,W,C,mm,km/h,mm
12907,2026-09-08,14:00:00,24.0,25.0,24.0,23.0,51.0,47.0,0.0,0.0,577.6,1.6,4.8,E,WNW,C,mm,km/h,mm
12908,2026-09-08,14:15:00,24.0,24.0,24.0,23.0,50.0,48.0,0.0,0.0,577.4,1.6,6.4,W,W,C,mm,km/h,mm
12909,2026-09-08,14:30:00,24.0,24.0,24.0,23.0,50.0,51.0,0.0,0.0,577.3,0.0,6.4,WSW,W,C,mm,km/h,mm
12910,2026-09-08,14:45:00,24.0,24.0,24.0,23.0,50.0,45.0,0.0,0.0,577.1,0.0,4.8,WSW,WSW,C,mm,km/h,mm
12911,2026-09-08,15:00:00,25.0,25.0,24.0,23.0,51.0,45.0,0.0,0.0,577.0,0.0,1.6,NNE,NNE,C,mm,km/h,mm
12912,2026-09-08,15:15:00,25.0,25.0,25.0,24.0,50.0,44.0,0.0,0.0,576.8,0.0,1.6,ENE,ENE,C,mm,km/h,mm
12913,2026-09-08,15:30:00,25.0,25.0,25.0,24.0,49.0,43.0,0.0,0.0,576.6,0.0,0.0,,,C,mm,km/h,mm
12914,2026-09-08,15:45:00,25.0,25.0,25.0,24.0,49.0,43.0,0.0,0.0,576.6,0.0,3.2,ESE,ENE,C,mm,km/h,mm
12915,2026-09-08,16:00:00,25.0,25.0,25.0,23.0,51.0,43.0,0.0,0.0,576.5,0.0,1.6,E,E,C,mm,km/h,mm
12916,2026-09-08,16:15:00,25.0,25.0,25.0,24.0,50.0,47.0,0.0,0.0,576.5,0.0,3.2,E,E,C,mm,km/h,mm
12917,2026-09-08,16:30:00,24.0,25.0,24.0,24.0,49.0,44.0,0.0,0.0,576.3,0.0,3.2,E,E,C,mm,km/h,mm
12918,2026-09-08,16:45:00,24.0,24.0,24.0,24.0,48.0,47.0,0.0,0.0,576.1,0.0,0.0,,,C,mm,km/h,mm
12919,2026-09-08,17:00:00,24.0,24.0,24.0,23.0,49.0,47.0,0.0,0.0,576.1,0.0,9.7,SW,SW,C,mm,km/h,mm
12920,2026-09-08,17:15:00,23.0,24.0,23.0,23.0,50.0,57.0,0.0,0.0,576.1,4.8,12.9,WSW,SW,C,mm,km/h,mm
12921,2026-09-08,17:30:00,22.0,23.0,22.0,23.0,50.0,61.0,0.0,0.0,576.3,4.8,16.1,WSW,SW,C,mm,km/h,mm
12922,2026-09-08,17:45:00,21.0,22.0,21.0,23.0,51.0,64.0,0.0,0.0,576.4,4.8,16.1,WSW,W,C,mm,km/h,mm
12923,2026-09-08,18:00:00,21.0,21.0,21.0,23.0,51.0,65.0,0.0,0.0,576.5,4.8,16.1,W,WSW,C,mm,km/h,mm
12924,2026-09-08,18:15:00,20.0,21.0,20.0,23.0,52.0,72.0,0.0,0.0,576.8,1.6,9.7,SW,SW,C,mm,km/h,mm
12925,2026-09-08,18:30:00,19.0,20.0,19.0,23.0,52.0,76.0,0.0,0.0,577.2,1.6,8.0,SW,SW,C,mm,km/h,mm
12926,2026-09-08,18:45:00,19.0,19.0,19.0,23.0,53.0,76.0,0.0,0.0,577.5,1.6,12.9,SW,S,C,mm,km/h,mm
12927,2026-09-08,19:00:00,18.0,19.0,18.0,23.0,54.0,78.0,0.0,0.0,577.6,3.2,12.9,SW,W,C,mm,km/h,mm
12928,2026-09-08,19:15:00,18.0,18.0,18.0,23.0,54.0,79.0,0.0,0.0,577.7,3.2,14.5,WSW,S,C,mm,km/h,mm
12929,2026-09-08,19:30:00,18.0,18.0,18.0,23.0,54.0,77.0,0.0,0.0,578.1,4.8,20.9,WSW,NNW,C,mm,km/h,mm
12930,2026-09-08,19:45:00,18.0,18.0,18.0,23.0,54.0,78.0,0.0,0.0,578.4,4.8,16.1,WSW,W,C,mm,km/h,mm
12931,2026-09-08,20:00:00,18.0,18.0,18.0,23.0,55.0,80.0,0.0,0.0,578.5,4.8,17.7,WSW,W,C,mm,km/h,mm
12932,2026-09-08,20:15:00,18.0,18.0,17.0,23.0,55.0,81.0,0.0,0.0,578.9,1.6,6.4,WSW,S,C,mm,km/h,mm
12933,2026-09-08,20:30:00,17.0,18.0,17.0,22.0,55.0,83.0,0.2,0.0,579.2,1.6,6.4,NE,S,C,mm,km/h,mm
12934,2026-09-08,20:45:00,17.0,17.0,17.0,22.0,55.0,85.0,0.2,1.2,579.2,0.0,8.0,NE,S,C,mm,km/h,mm
12935,2026-09-08,21:00:00,17.0,17.0,17.0,22.0,55.0,86.0,0.0,0.0,579.3,0.0,1.6,NE,NNE,C,mm,km/h,mm
12936,2026-09-08,21:15:00,17.0,17.0,17.0,22.0,56.0,84.0,0.0,0.0,579.5,0.0,1.6,S,NW,C,mm,km/h,mm
12937,2026-09-08,21:30:00,17.0,17.0,17.0,22.0,56.0,83.0,0.0,0.0,579.6,0.0,3.2,SW,SW,C,mm,km/h,mm
12938,2026-09-08,21:45:00,17.0,17.0,17.0,22.0,56.0,81.0,0.0,0.0,579.9,0.0,4.8,SW,SW,C,mm,km/h,mm
12939,2026-09-08,22:00:00,17.0,17.0,17.0,22.0,56.0,81.0,0.2,0.0,579.9,0.0,4.8,SW,S,C,mm,km/h,mm
12940,2026-09-08,22:15:00,17.0,17.0,16.0,22.0,55.0,81.0,0.0,0.0,580.2,0.0,6.4,SW,SSW,C,mm,km/h,mm
12941,2026-09-08,22:30:00,17.0,17.0,16.0,22.0,55.0,81.0,0.0,0.0,580.2,0.0,4.8,SW,S,C,mm,km/h,mm
12942,2026-09-08,22:45:00,16.0,17.0,16.0,22.0,55.0,81.0,0.0,0.0,580.3,0.0,8.0,SW,SW,C,mm,km/h,mm
12943,2026-09-08,23:00:00,16.0,17.0,16.0,22.0,55.0,80.0,0.0,0.0,580.1,0.0,4.8,W,WSW,C,mm,km/h,mm
12944,2026-09-08,23:15:00,16.0,16.0,16.0,22.0,55.0,80.0,0.0,0.0,580.2,1.6,9.7,SW,SSW,C,mm,km/h,mm
12945,2026-09-08,23:30:00,16.0,16.0,16.0,22.0,55.0,80.0,0.0,0.0,580.2,1.6,8.0,SW,SW,C,mm,km/h,mm
12946,2026-09-08,23:45:00,16.0,16.0,16.0,22.0,54.0,81.0,0.0,0.0,580.1,1.6,8.0,SW,SW,C,mm,km/h,mm
12947,2026-09-09,00:15:00,15.0,16.0,15.0,22.0,54.0,84.0,0.0,0.0,580.2,0.0,3.2,W,W,C,mm,km/h,mm
12948,2026-09-09,00:30:00,15.0,15.0,15.0,22.0,54.0,83.0,0.0,0.0,580.0,0.0,4.8,SW,SSE,C,mm,km/h,mm
12949,2026-09-09,00:45:00,15.0,16.0,15.0,22.0,54.0,82.0,0.2,0.0,580.0,1.6,8.0,SW,SW,C,mm,km/h,mm
12950,2026-09-09,01:00:00,15.0,16.0,15.0,22.0,54.0,82.0,0.0,0.0,579.9,1.6,8.0,WSW,SW,C,mm,km/h,mm
12951,2026-09-09,01:15:00,16.0,16.0,15.0,22.0,54.0,82.0,0.0,0.0,579.9,1.6,8.0,WSW,SSE,C,mm,km/h,mm
12952,2026-09-09,01:30:00,16.0,16.0,16.0,22.0,54.0,82.0,0.0,0.0,579.7,0.0,3.2,W,W,C,mm,km/h,mm
12953,2026-09-09,01:45:00,16.0,16.0,16.0,22.0,54.0,82.0,0.0,0.0,579.6,0.0,0.0,,,C,mm,km/h,mm
12954,2026-09-09,02:00:00,16.0,16.0,16.0,22.0,54.0,82.0,0.0,0.0,579.4,0.0,1.6,WSW,WSW,C,mm,km/h,mm
12955,2026-09-09,02:15:00,15.0,16.0,15.0,22.0,54.0,83.0,0.0,0.0,579.5,0.0,3.2,SSW,SSW,C,mm,km/h,mm
12956,2026-09-09,02:30:00,15.0,15.0,15.0,22.0,54.0,83.0,0.0,0.0,579.5,0.0,1.6,NE,NE,C,mm,km/h,mm
12957,2026-09-09,02:45:00,15.0,15.0,15.0,22.0,54.0,83.0,0.0,0.0,579.4,0.0,1.6,S,SSE,C,mm,km/h,mm
12958,2026-09-09,03:00:00,15.0,15.0,15.0,22.0,54.0,83.0,0.0,0.0,579.3,0.0,1.6,NNW,NE,C,mm,km/h,mm
12959,2026-09-09,03:15:00,15.0,15.0,15.0,22.0,54.0,84.0,0.0,0.0,579.3,0.0,1.6,WNW,SW,C,mm,km/h,mm
12960,2026-09-09,03:30:00,15.0,15.0,15.0,22.0,54.0,83.0,0.0,0.0,579.6,0.0,4.8,SSW,SSW,C,mm,km/h,mm
12961,2026-09-09,03:45:00,15.0,15.0,15.0,22.0,54.0,82.0,0.0,0.0,579.7,0.0,3.2,SSW,SSW,C,mm,km/h,mm
12962,2026-09-09,04:00:00,15.0,15.0,15.0,22.0,54.0,81.0,0.0,0.0,579.6,0.0,6.4,W,W,C,mm,km/h,mm
12963,2026-09-09,04:15:00,15.0,15.0,15.0,22.0,54.0,81.0,0.0,0.0,579.4,0.0,8.0,SW,S,C,mm,km/h,mm
12964,2026-09-09,04:30:00,14.0,15.0,14.0,22.0,53.0,83.0,0.0,0.0,579.4,0.0,6.4,SW,SSW,C,mm,km/h,mm
12965,2026-09-09,04:45:00,14.0,14.0,14.0,22.0,53.0,84.0,0.0,0.0,579.5,0.0,3.2,SSW,SW,C,mm,km/h,mm
12966,2026-09-09,05:00:00,14.0,14.0,14.0,21.0,53.0,85.0,0.0,0.0,579.5,0.0,3.2,WSW,WSW,C,mm,km/h,mm
12967,2026-09-09,05:15:00,14.0,14.0,14.0,21.0,53.0,84.0,0.0,0.0,579.5,1.6,6.4,SW,WSW,C,mm,km/h,mm
12968,2026-09-09,05:30:00,14.0,14.0,14.0,21.0,53.0,84.0,0.0,0.0,579.5,0.0,4.8,SSW,S,C,mm,km/h,mm
12969,2026-09-09,05:45:00,14.0,14.0,14.0,21.0,53.0,83.0,0.0,0.0,579.8,1.6,6.4,SW,WSW,C,mm,km/h,mm
12970,2026-09-09,06:00:00,14.0,14.0,14.0,21.0,53.0,84.0,0.0,0.0,579.7,0.0,4.8,SSW,SE,C,mm,km/h,mm
12971,2026-09-09,06:15:00,14.0,14.0,14.0,21.0,53.0,85.0,0.0,0.0,579.6,0.0,3.2,WSW,WSW,C,mm,km/h,mm
12972,2026-09-09,06:30:00,14.0,14.0,13.0,21.0,53.0,85.0,0.0,0.0,579.6,0.0,4.8,SW,SW,C,mm,km/h,mm
12973,2026-09-09,06:45:00,14.0,14.0,14.0,21.0,53.0,85.0,0.0,0.0,579.7,0.0,3.2,W,W,C,mm,km/h,mm
12974,2026-09-09,07:00:00,14.0,14.0,14.0,21.0,53.0,83.0,0.0,0.0,579.9,1.6,11.3,W,WSW,C,mm,km/h,mm
12975,2026-09-09,07:15:00,14.0,14.0,14.0,21.0,53.0,81.0,0.0,0.0,580.0,1.6,6.4,W,WSW,C,mm,km/h,mm
12976,2026-09-09,07:30:00,15.0,15.0,14.0,21.0,53.0,81.0,0.0,0.0,580.0,0.0,6.4,WSW,W,C,mm,km/h,mm
12977,2026-09-09,07:45:00,16.0,16.0,15.0,21.0,53.0,73.0,0.0,0.0,580.2,0.0,1.6,SW,SW,C,mm,km/h,mm
12978,2026-09-09,08:00:00,16.0,17.0,16.0,21.0,53.0,76.0,0.0,0.0,580.3,0.0,3.2,SE,SE,C,mm,km/h,mm
12979,2026-09-09,08:15:00,17.0,17.0,16.0,21.0,53.0,75.0,0.0,0.0,580.4,0.0,3.2,ENE,ENE,C,mm,km/h,mm
12980,2026-09-09,08:30:00,17.0,18.0,17.0,22.0,53.0,72.0,0.0,0.0,580.6,0.0,4.8,E,E,C,mm,km/h,mm
12981,2026-09-09,08:45:00,19.0,19.0,17.0,22.0,53.0,67.0,0.0,0.0,580.5,0.0,6.4,WNW,WNW,C,mm,km/h,mm
12982,2026-09-09,09:00:00,20.0,20.0,19.0,22.0,53.0,64.0,0.0,0.0,580.5,0.0,6.4,W,E,C,mm,km/h,mm
12983,2026-09-09,09:15:00,19.0,20.0,19.0,22.0,52.0,65.0,0.0,0.0,580.5,0.0,6.4,E,E,C,mm,km/h,mm
12984,2026-09-09,09:30:00,19.0,19.0,19.0,22.0,52.0,65.0,0.0,0.0,580.4,1.6,4.8,E,SE,C,mm,km/h,mm
12985,2026-09-09,09:45:00,20.0,20.0,19.0,22.0,51.0,63.0,0.0,0.0,580.5,0.0,6.4,E,E,C,mm,km/h,mm
12986,2026-09-09,10:00:00,20.0,20.0,20.0,22.0,51.0,64.0,0.0,0.0,580.8,0.0,4.8,E,E,C,mm,km/h,mm
12987,2026-09-09,10:15:00,20.0,20.0,20.0,22.0,51.0,63.0,0.0,0.0,580.6,0.0,6.4,NW,WNW,C,mm,km/h,mm
12988,2026-09-09,10:30:00,21.0,21.0,21.0,22.0,51.0,60.0,0.0,0.0,580.6,1.6,6.4,ENE,ENE,C,mm,km/h,mm
12989,2026-09-09,10:45:00,20.0,21.0,20.0,22.0,52.0,62.0,0.0,0.0,580.5,0.0,8.0,E,E,C,mm,km/h,mm
12990,2026-09-09,11:00:00,22.0,22.0,20.0,22.0,52.0,56.0,0.0,0.0,580.4,0.0,3.2,NNW,NE,C,mm,km/h,mm
12991,2026-09-09,11:15:00,22.0,23.0,22.0,22.0,52.0,56.0,0.0,0.0,580.3,0.0,6.4,NNW,NNE,C,mm,km/h,mm
12992,2026-09-09,11:30:00,23.0,23.0,22.0,22.0,52.0,54.0,0.0,0.0,580.0,1.6,8.0,NNW,NW,C,mm,km/h,mm
12993,2026-09-09,11:45:00,24.0,24.0,23.0,22.0,52.0,51.0,0.0,0.0,580.0,0.0,4.8,N,S,C,mm,km/h,mm
12994,2026-09-09,12:00:00,24.0,24.0,23.0,22.0,52.0,52.0,0.0,0.0,579.9,0.0,4.8,ENE,ENE,C,mm,km/h,mm
12995,2026-09-09,12:15:00,24.0,24.0,23.0,22.0,52.0,51.0,0.0,0.0,579.6,1.6,4.8,ENE,SE,C,mm,km/h,mm
12996,2026-09-09,12:30:00,24.0,24.0,23.0,22.0,52.0,51.0,0.0,0.0,579.4,1.6,8.0,ENE,ESE,C,mm,km/h,mm
12997,2026-09-09,12:45:00,24.0,24.0,23.0,22.0,52.0,48.0,0.0,0.0,579.2,1.6,9.7,ENE,E,C,mm,km/h,mm
12998,2026-09-09,13:00:00,25.0,25.0,24.0,22.0,52.0,49.0,0.0,0.0,578.9,1.6,6.4,E,ESE,C,mm,km/h,mm
12999,2026-09-09,13:15:00,24.0,25.0,24.0,22.0,52.0,48.0,0.0,0.0,578.8,1.6,8.0,ESE,E,C,mm,km/h,mm
13000,2026-09-09,13:30:00,24.0,24.0,24.0,22.0,51.0,47.0,0.0,0.0,578.5,1.6,8.0,ESE,ESE,C,mm,km/h,mm
13001,2026-09-09,13:45:00,24.0,24.0,24.0,22.0,51.0,48.0,0.0,0.0,578.1,1.6,8.0,ESE,ESE,C,mm,km/h,mm
13002,2026-09-09,14:00:00,26.0,26.0,24.0,23.0,51.0,47.0,0.0,0.0,577.9,0.0,6.4,NNW,NNW,C,mm,km/h,mm
13003,2026-09-09,14:15:00,26.0,26.0,26.0,23.0,50.0,46.0,0.0,0.0,577.7,0.0,3.2,NNW,E,C,mm,km/h,mm
13004,2026-09-09,14:30:00,25.0,26.0,25.0,23.0,50.0,47.0,0.0,0.0,577.4,0.0,4.8,E,E,C,mm,km/h,mm
13005,2026-09-09,14:45:00,25.0,25.0,24.0,23.0,50.0,47.0,0.0,0.0,577.2,1.6,6.4,E,E,C,mm,km/h,mm
13006,2026-09-09,15:00:00,25.0,25.0,25.0,23.0,50.0,48.0,0.0,0.0,577.1,0.0,6.4,NW,SSE,C,mm,km/h,mm
13007,2026-09-09,15:15:00,24.0,25.0,24.0,23.0,50.0,48.0,0.0,0.0,577.0,1.6,8.0,E,ESE,C,mm,km/h,mm
13008,2026-09-09,15:30:00,23.0,24.0,23.0,23.0,48.0,52.0,0.0,0.0,576.9,4.8,14.5,E,ESE,C,mm,km/h,mm
13009,2026-09-09,15:45:00,23.0,23.0,23.0,23.0,48.0,53.0,0.0,0.0,576.8,4.8,16.1,E,ESE,C,mm,km/h,mm
13010,2026-09-09,16:00:00,22.0,23.0,22.0,23.0,48.0,56.0,0.0,0.0,576.8,4.8,14.5,E,E,C,mm,km/h,mm
13011,2026-09-09,16:15:00,22.0,22.0,22.0,23.0,49.0,56.0,0.0,0.0,576.8,3.2,12.9,E,E,C,mm,km/h,mm
13012,2026-09-09,16:30:00,22.0,22.0,22.0,23.0,49.0,58.0,0.0,0.0,576.9,3.2,9.7,E,ENE,C,mm,km/h,mm
13013,2026-09-09,16:45:00,21.0,22.0,21.0,23.0,49.0,64.0,0.0,0.0,577.2,1.6,16.1,ENE,WNW,C,mm,km/h,mm
13014,2026-09-09,17:00:00,19.0,21.0,19.0,23.0,50.0,74.0,0.0,0.0,577.4,4.8,14.5,W,WSW,C,mm,km/h,mm
13015,2026-09-09,17:15:00,18.0,19.0,18.0,23.0,50.0,75.0,0.0,0.0,577.6,1.6,11.3,W,W,C,mm,km/h,mm
13016,2026-09-09,17:30:00,18.0,18.0,18.0,23.0,51.0,79.0,0.0,0.0,577.7,0.0,3.2,NW,NW,C,mm,km/h,mm
13017,2026-09-09,17:45:00,18.0,18.0,18.0,23.0,51.0,81.0,0.0,0.0,577.7,1.6,6.4,W,WNW,C,mm,km/h,mm
13018,2026-09-09,18:00:00,17.0,18.0,17.0,23.0,52.0,83.0,0.2,0.0,577.6,0.0,3.2,SSW,S,C,mm,km/h,mm
13019,2026-09-09,18:15:00,17.0,17.0,17.0,23.0,53.0,83.0,0.0,0.0,577.7,0.0,4.8,NE,W,C,mm,km/h,mm
13020,2026-09-09,18:30:00,16.0,17.0,16.0,23.0,53.0,85.0,0.0,0.0,577.8,1.6,8.0,SW,SSW,C,mm,km/h,mm
13021,2026-09-09,18:45:00,16.0,16.0,16.0,23.0,55.0,86.0,0.0,0.0,577.9,1.6,6.4,WSW,SW,C,mm,km/h,mm
13022,2026-09-09,19:00:00,16.0,16.0,16.0,22.0,56.0,86.0,0.0,0.0,578.1,1.6,6.4,W,NW,C,mm,km/h,mm
13023,2026-09-09,19:15:00,16.0,16.0,16.0,22.0,55.0,85.0,0.0,0.0,578.3,0.0,4.8,W,NE,C,mm,km/h,mm
13024,2026-09-09,19:30:00,16.0,16.0,16.0,22.0,55.0,85.0,0.0,0.0,578.5,0.0,6.4,W,WNW,C,mm,km/h,mm
13025,2026-09-09,19:45:00,16.0,16.0,16.0,22.0,55.0,85.0,0.0,0.0,579.0,0.0,1.6,NNE,NNE,C,mm,km/h,mm
13026,2026-09-09,20:00:00,16.0,16.0,16.0,22.0,55.0,83.0,0.0,0.0,579.2,0.0,1.6,W,W,C,mm,km/h,mm
13027,2026-09-09,20:15:00,16.0,16.0,16.0,22.0,55.0,83.0,0.0,0.0,579.2,0.0,1.6,NNE,NNE,C,mm,km/h,mm
13028,2026-09-09,20:30:00,16.0,16.0,16.0,22.0,55.0,83.0,0.0,0.0,579.4,0.0,1.6,NNW,NNW,C,mm,km/h,mm
13029,2026-09-09,20:45:00,16.0,16.0,16.0,22.0,55.0,82.0,0.0,0.0,579.7,0.0,0.0,,,C,mm,km/h,mm
13030,2026-09-09,21:00:00,16.0,16.0,16.0,22.0,55.0,82.0,0.0,0.0,579.8,0.0,3.2,NNE,NNE,C,mm,km/h,mm
13031,2026-09-09,21:15:00,16.0,16.0,16.0,22.0,55.0,83.0,0.0,0.0,579.9,0.0,1.6,NNE,WSW,C,mm,km/h,mm
13032,2026-09-09,21:30:00,16.0,16.0,16.0,22.0,55.0,84.0,0.0,0.0,580.0,0.0,3.2,SSW,SSW,C,mm,km/h,mm
13033,2026-09-09,21:45:00,16.0,16.0,16.0,22.0,54.0,85.0,0.0,0.0,580.1,0.0,1.6,W,ENE,C,mm,km/h,mm
13034,2026-09-09,22:00:00,16.0,16.0,16.0,22.0,54.0,85.0,0.0,0.0,580.2,0.0,1.6,N,WSW,C,mm,km/h,mm
13035,2026-09-09,22:15:00,16.0,16.0,16.0,22.0,54.0,84.0,0.0,0.0,580.3,0.0,1.6,NNE,NNE,C,mm,km/h,mm
13036,2026-09-09,22:30:00,15.0,16.0,15.0,22.0,54.0,84.0,0.0,0.0,580.4,0.0,1.6,SW,SSW,C,mm,km/h,mm
13037,2026-09-09,22:45:00,15.0,16.0,15.0,22.0,54.0,84.0,0.0,0.0,580.3,0.0,1.6,NW,NW,C,mm,km/h,mm
13038,2026-09-09,23:00:00,15.0,15.0,15.0,22.0,54.0,85.0,0.0,0.0,580.4,0.0,4.8,SW,S,C,mm,km/h,mm
13039,2026-09-09,23:15:00,15.0,15.0,15.0,22.0,55.0,86.0,0.0,0.0,580.4,0.0,3.2,SSW,SSW,C,mm,km/h,mm
13040,2026-09-09,23:30:00,15.0,15.0,15.0,22.0,55.0,85.0,0.0,0.0,580.4,0.0,4.8,SW,S,C,mm,km/h,mm
13041,2026-09-09,23:45:00,15.0,15.0,15.0,22.0,55.0,85.0,0.0,0.0,580.4,0.0,4.8,SW,S,C,mm,km/h,mm
13042,2026-09-10,00:15:00,15.0,15.0,15.0,22.0,55.0,87.0,0.0,0.0,580.4,0.0,3.2,SW,SW,C,mm,km/h,mm
13043,2026-09-10,00:30:00,15.0,15.0,15.0,22.0,55.0,87.0,0.0,0.0,580.3,0.0,1.6,SSW,SSW,C,mm,km/h,mm
13044,2026-09-10,00:45:00,15.0,15.0,15.0,22.0,55.0,88.0,0.0,0.0,580.2,0.0,0.0,,,C,mm,km/h,mm
13045,2026-09-10,01:00:00,14.0,15.0,14.0,22.0,55.0,89.0,0.0,0.0,580.2,0.0,0.0,,,C,mm,km/h,mm
13046,2026-09-10,01:15:00,14.0,14.0,14.0,22.0,55.0,90.0,0.0,0.0,580.0,0.0,0.0,,,C,mm,km/h,mm
13047,2026-09-10,01:30:00,14.0,14.0,14.0,22.0,55.0,90.0,0.0,0.0,579.8,0.0,0.0,,,C,mm,km/h,mm
13048,2026-09-10,01:45:00,14.0,14.0,14.0,22.0,55.0,90.0,0.0,0.0,579.7,0.0,0.0,,,C,mm,km/h,mm
13049,2026-09-10,02:00:00,14.0,14.0,14.0,21.0,55.0,90.0,0.0,0.0,579.7,0.0,0.0,,,C,mm,km/h,mm
13050,2026-09-10,02:15:00,14.0,14.0,14.0,21.0,55.0,90.0,0.0,0.0,579.7,0.0,0.0,,,C,mm,km/h,mm
13051,2026-09-10,02:30:00,13.0,14.0,13.0,21.0,56.0,90.0,0.0,0.0,579.7,0.0,0.0,,,C,mm,km/h,mm
13052,2026-09-10,02:45:00,13.0,13.0,13.0,21.0,56.0,91.0,0.0,0.0,579.6,0.0,0.0,,,C,mm,km/h,mm
13053,2026-09-10,03:00:00,13.0,13.0,13.0,21.0,56.0,92.0,0.0,0.0,579.5,0.0,0.0,,,C,mm,km/h,mm
13054,2026-09-10,03:15:00,13.0,13.0,13.0,21.0,56.0,92.0,0.0,0.0,579.5,0.0,0.0,,,C,mm,km/h,mm
13055,2026-09-10,03:30:00,13.0,13.0,13.0,21.0,56.0,92.0,0.0,0.0,579.4,0.0,0.0,,,C,mm,km/h,mm
13056,2026-09-10,03:45:00,13.0,13.0,13.0,21.0,56.0,92.0,0.0,0.0,579.4,0.0,0.0,,,C,mm,km/h,mm
13057,2026-09-10,04:00:00,13.0,13.0,13.0,21.0,56.0,92.0,0.0,0.0,579.5,0.0,0.0,,,C,mm,km/h,mm
13058,2026-09-10,04:15:00,13.0,13.0,13.0,21.0,56.0,92.0,0.0,0.0,579.5,0.0,0.0,,,C,mm,km/h,mm
13059,2026-09-10,04:30:00,13.0,13.0,13.0,21.0,56.0,92.0,0.0,0.0,579.6,0.0,0.0,,,C,mm,km/h,mm
13060,2026-09-10,04:45:00,13.0,13.0,13.0,21.0,56.0,93.0,0.0,0.0,579.6,0.0,0.0,,,C,mm,km/h,mm
13061,2026-09-10,05:00:00,13.0,13.0,13.0,21.0,56.0,93.0,0.0,0.0,579.6,0.0,0.0,,,C,mm,km/h,mm
13062,2026-09-10,05:15:00,13.0,13.0,13.0,21.0,56.0,92.0,0.0,0.0,579.6,0.0,0.0,,,C,mm,km/h,mm
13063,2026-09-10,05:30:00,14.0,14.0,13.0,21.0,56.0,91.0,0.0,0.0,579.6,0.0,0.0,,,C,mm,km/h,mm
13064,2026-09-10,05:45:00,14.0,14.0,14.0,21.0,56.0,90.0,0.0,0.0,579.7,0.0,0.0,,,C,mm,km/h,mm
13065,2026-09-10,06:00:00,14.0,14.0,13.0,21.0,56.0,91.0,0.0,0.0,579.7,0.0,0.0,,,C,mm,km/h,mm
13066,2026-09-10,06:15:00,14.0,14.0,14.0,21.0,56.0,90.0,0.0,0.0,579.8,0.0,0.0,,,C,mm,km/h,mm
13067,2026-09-10,06:30:00,13.0,14.0,13.0,21.0,56.0,90.0,0.0,0.0,580.0,0.0,0.0,,,C,mm,km/h,mm
13068,2026-09-10,06:45:00,13.0,13.0,13.0,21.0,56.0,90.0,0.0,0.0,580.2,0.0,0.0,,,C,mm,km/h,mm
13069,2026-09-10,07:00:00,14.0,14.0,13.0,21.0,56.0,90.0,0.0,0.0,580.1,0.0,3.2,W,W,C,mm,km/h,mm
13070,2026-09-10,07:15:00,14.0,14.0,14.0,21.0,56.0,89.0,0.0,0.0,580.2,0.0,3.2,W,W,C,mm,km/h,mm
13071,2026-09-10,07:30:00,14.0,14.0,14.0,21.0,56.0,90.0,0.0,0.0,580.1,0.0,0.0,,,C,mm,km/h,mm
13072,2026-09-10,07:45:00,15.0,15.0,14.0,21.0,56.0,88.0,0.0,0.0,580.2,0.0,1.6,WNW,WNW,C,mm,km/h,mm
13073,2026-09-10,08:00:00,15.0,15.0,15.0,21.0,56.0,86.0,0.0,0.0,580.4,0.0,0.0,,,C,mm,km/h,mm
13074,2026-09-10,08:15:00,16.0,16.0,15.0,21.0,56.0,84.0,0.0,0.0,580.4,0.0,0.0,,,C,mm,km/h,mm
13075,2026-09-10,08:30:00,17.0,17.0,16.0,21.0,56.0,80.0,0.0,0.0,580.4,0.0,3.2,WSW,S,C,mm,km/h,mm
13076,2026-09-10,08:45:00,18.0,18.0,17.0,22.0,57.0,76.0,0.0,0.0,580.4,0.0,1.6,NE,SW,C,mm,km/h,mm
13077,2026-09-10,09:00:00,18.0,18.0,18.0,22.0,57.0,76.0,0.0,0.0,580.4,0.0,4.8,E,SSE,C,mm,km/h,mm
13078,2026-09-10,09:15:00,18.0,18.0,18.0,22.0,56.0,74.0,0.0,0.0,580.4,0.0,0.0,,,C,mm,km/h,mm
13079,2026-09-10,09:30:00,20.0,20.0,18.0,22.0,55.0,69.0,0.0,0.0,580.4,0.0,1.6,NNE,NNE,C,mm,km/h,mm
13080,2026-09-10,09:45:00,20.0,20.0,20.0,22.0,55.0,66.0,0.0,0.0,580.4,0.0,6.4,WSW,WNW,C,mm,km/h,mm
13081,2026-09-10,10:00:00,21.0,21.0,20.0,22.0,55.0,61.0,0.0,0.0,580.4,0.0,3.2,NNW,W,C,mm,km/h,mm
13082,2026-09-10,10:15:00,22.0,22.0,21.0,22.0,55.0,60.0,0.0,0.0,580.3,1.6,8.0,NW,NW,C,mm,km/h,mm
13083,2026-09-10,10:30:00,22.0,22.0,22.0,22.0,54.0,60.0,0.0,0.0,580.1,0.0,3.2,E,ESE,C,mm,km/h,mm
13084,2026-09-10,10:45:00,22.0,22.0,21.0,22.0,54.0,60.0,0.0,0.0,580.2,0.0,1.6,W,NNE,C,mm,km/h,mm
13085,2026-09-10,11:00:00,23.0,23.0,22.0,22.0,54.0,55.0,0.0,0.0,580.1,1.6,6.4,NNW,NNW,C,mm,km/h,mm
13086,2026-09-10,11:15:00,23.0,23.0,23.0,22.0,53.0,53.0,0.0,0.0,580.0,1.6,8.0,NNW,S,C,mm,km/h,mm
13087,2026-09-10,11:30:00,24.0,24.0,23.0,22.0,52.0,50.0,0.0,0.0,579.8,1.6,6.4,W,WSW,C,mm,km/h,mm
13088,2026-09-10,11:45:00,25.0,25.0,24.0,23.0,52.0,52.0,0.0,0.0,579.6,1.6,8.0,WSW,WSW,C,mm,km/h,mm
13089,2026-09-10,12:00:00,25.0,25.0,25.0,23.0,52.0,49.0,0.0,0.0,579.4,1.6,8.0,NNW,NW,C,mm,km/h,mm
13090,2026-09-10,12:15:00,25.0,25.0,25.0,23.0,51.0,48.0,0.0,0.0,579.0,1.6,8.0,WSW,WSW,C,mm,km/h,mm
13091,2026-09-10,12:30:00,25.0,26.0,25.0,23.0,51.0,45.0,0.0,0.0,578.8,0.0,4.8,NW,WNW,C,mm,km/h,mm
13092,2026-09-10,12:45:00,25.0,26.0,25.0,23.0,50.0,48.0,0.0,0.0,578.6,1.6,9.7,E,WSW,C,mm,km/h,mm
13093,2026-09-10,13:00:00,25.0,25.0,25.0,23.0,50.0,46.0,0.0,0.0,578.4,1.6,9.7,NNW,NE,C,mm,km/h,mm
13094,2026-09-10,13:15:00,25.0,26.0,25.0,23.0,50.0,52.0,0.0,0.0,578.2,1.6,8.0,W,WNW,C,mm,km/h,mm
13095,2026-09-10,13:30:00,25.0,25.0,25.0,23.0,50.0,49.0,0.0,0.0,578.0,1.6,9.7,WSW,W,C,mm,km/h,mm
13096,2026-09-10,13:45:00,26.0,26.0,25.0,23.0,50.0,50.0,0.0,0.0,577.7,1.6,14.5,NNW,WSW,C,mm,km/h,mm
13097,2026-09-10,14:00:00,27.0,27.0,26.0,23.0,50.0,43.0,0.0,0.0,577.4,1.6,11.3,N,S,C,mm,km/h,mm
13098,2026-09-10,14:15:00,26.0,27.0,26.0,23.0,50.0,45.0,0.0,0.0,577.2,1.6,11.3,WSW,WSW,C,mm,km/h,mm
13099,2026-09-10,14:30:00,25.0,26.0,25.0,23.0,50.0,44.0,0.0,0.0,576.9,1.6,8.0,NNW,WSW,C,mm,km/h,mm
13100,2026-09-10,14:45:00,25.0,25.0,25.0,23.0,50.0,45.0,0.0,0.0,576.6,0.0,6.4,SW,SW,C,mm,km/h,mm
13101,2026-09-10,15:00:00,25.0,25.0,25.0,23.0,49.0,44.0,0.0,0.0,576.5,0.0,9.7,NNW,SW,C,mm,km/h,mm
13102,2026-09-10,15:15:00,24.0,25.0,24.0,24.0,49.0,48.0,0.0,0.0,576.3,0.0,4.8,E,SW,C,mm,km/h,mm
13103,2026-09-10,15:30:00,25.0,25.0,24.0,24.0,49.0,45.0,0.0,0.0,576.1,0.0,4.8,WNW,WNW,C,mm,km/h,mm
13104,2026-09-10,15:45:00,24.0,25.0,24.0,23.0,49.0,56.0,0.0,0.0,576.2,1.6,14.5,NNW,NW,C,mm,km/h,mm
13105,2026-09-10,16:00:00,19.0,24.0,19.0,23.0,50.0,75.0,1.2,8.0,576.6,1.6,20.9,NNW,NNW,C,mm,km/h,mm
13106,2026-09-10,16:15:00,18.0,19.0,18.0,23.0,51.0,81.0,1.2,11.2,576.7,0.0,9.7,NNW,W,C,mm,km/h,mm
13107,2026-09-10,16:30:00,17.0,18.0,17.0,23.0,51.0,87.0,0.4,4.4,576.7,0.0,0.0,,,C,mm,km/h,mm
13108,2026-09-10,16:45:00,17.0,17.0,17.0,23.0,52.0,86.0,0.4,1.8,576.6,0.0,6.4,WSW,WSW,C,mm,km/h,mm
13109,2026-09-10,17:00:00,17.0,17.0,17.0,23.0,53.0,84.0,0.4,2.0,576.5,3.2,9.7,W,WNW,C,mm,km/h,mm
13110,2026-09-10,17:15:00,17.0,17.0,17.0,23.0,53.0,83.0,0.0,0.0,576.4,1.6,9.7,W,SW,C,mm,km/h,mm
13111,2026-09-10,17:30:00,18.0,18.0,17.0,23.0,54.0,80.0,0.2,0.0,576.3,1.6,9.7,W,NW,C,mm,km/h,mm
13112,2026-09-10,17:45:00,17.0,18.0,17.0,23.0,54.0,81.0,0.0,0.0,576.3,0.0,6.4,W,W,C,mm,km/h,mm
13113,2026-09-10,18:00:00,17.0,17.0,17.0,23.0,54.0,79.0,0.0,0.0,576.5,0.0,4.8,WNW,W,C,mm,km/h,mm
13114,2026-09-10,18:15:00,17.0,17.0,17.0,23.0,54.0,81.0,0.0,0.0,576.6,0.0,0.0,,,C,mm,km/h,mm
13115,2026-09-10,18:30:00,17.0,18.0,17.0,23.0,54.0,82.0,0.0,0.0,576.7,0.0,0.0,,,C,mm,km/h,mm
13116,2026-09-10,18:45:00,18.0,18.0,17.0,23.0,54.0,80.0,0.0,0.0,577.0,0.0,4.8,NNE,ENE,C,mm,km/h,mm
13117,2026-09-10,19:00:00,18.0,18.0,18.0,23.0,54.0,80.0,0.0,0.0,577.1,0.0,4.8,E,ESE,C,mm,km/h,mm
13118,2026-09-10,19:15:00,18.0,18.0,18.0,22.0,55.0,75.0,0.0,0.0,577.2,0.0,4.8,E,ENE,C,mm,km/h,mm
13119,2026-09-10,19:30:00,18.0,18.0,18.0,22.0,55.0,79.0,0.0,0.0,577.5,0.0,0.0,,,C,mm,km/h,mm
13120,2026-09-10,19:45:00,17.0,18.0,17.0,22.0,55.0,81.0,0.0,0.0,577.6,0.0,0.0,,,C,mm,km/h,mm
13121,2026-09-10,20:00:00,17.0,17.0,17.0,22.0,55.0,82.0,0.0,0.0,577.8,0.0,3.2,NW,NW,C,mm,km/h,mm
13122,2026-09-10,20:15:00,18.0,18.0,17.0,22.0,55.0,80.0,0.0,0.0,577.9,0.0,3.2,S,S,C,mm,km/h,mm
13123,2026-09-10,20:30:00,18.0,18.0,18.0,22.0,55.0,80.0,0.0,0.0,578.1,0.0,3.2,SSW,SSW,C,mm,km/h,mm
13124,2026-09-10,20:45:00,18.0,18.0,18.0,22.0,55.0,78.0,0.0,0.0,578.2,0.0,6.4,SW,SSW,C,mm,km/h,mm
13125,2026-09-10,21:00:00,18.0,18.0,18.0,22.0,55.0,77.0,0.0,0.0,578.6,1.6,6.4,SW,SSW,C,mm,km/h,mm
13126,2026-09-10,21:15:00,18.0,18.0,18.0,22.0,55.0,76.0,0.0,0.0,578.9,1.6,8.0,W,SW,C,mm,km/h,mm
13127,2026-09-10,21:30:00,18.0,18.0,18.0,22.0,55.0,74.0,0.0,0.0,578.9,1.6,8.0,W,WSW,C,mm,km/h,mm
13128,2026-09-10,21:45:00,18.0,18.0,18.0,22.0,55.0,76.0,0.0,0.0,579.0,1.6,6.4,W,WSW,C,mm,km/h,mm
13129,2026-09-10,22:00:00,18.0,18.0,18.0,22.0,55.0,78.0,0.0,0.0,579.2,1.6,6.4,WSW,SW,C,mm,km/h,mm
13130,2026-09-10,22:15:00,18.0,18.0,18.0,22.0,55.0,79.0,0.0,0.0,579.2,1.6,6.4,W,WSW,C,mm,km/h,mm
13131,2026-09-10,22:30:00,18.0,18.0,18.0,22.0,55.0,79.0,0.0,0.0,579.1,1.6,9.7,W,WNW,C,mm,km/h,mm
13132,2026-09-10,22:45:00,18.0,18.0,18.0,22.0,55.0,81.0,0.0,0.0,579.2,1.6,8.0,WSW,SW,C,mm,km/h,mm
13133,2026-09-10,23:00:00,18.0,18.0,18.0,22.0,55.0,82.0,0.0,0.0,579.2,1.6,11.3,W,W,C,mm,km/h,mm
13134,2026-09-10,23:15:00,18.0,18.0,18.0,22.0,56.0,83.0,0.0,0.0,579.2,0.0,8.0,W,WSW,C,mm,km/h,mm
13135,2026-09-10,23:30:00,17.0,18.0,17.0,22.0,56.0,83.0,0.0,0.0,579.3,0.0,6.4,SW,SW,C,mm,km/h,mm
13136,2026-09-10,23:45:00,18.0,18.0,17.0,22.0,56.0,83.0,0.0,0.0,579.3,0.0,4.8,W,SW,C,mm,km/h,mm
13137,2026-09-11,00:15:00,17.0,17.0,17.0,22.0,56.0,84.0,0.0,0.0,579.1,0.0,1.6,WSW,SSW,C,mm,km/h,mm
13138,2026-09-11,00:30:00,17.0,17.0,17.0,22.0,56.0,84.0,0.0,0.0,579.0,0.0,3.2,WSW,S,C,mm,km/h,mm
13139,2026-09-11,00:45:00,17.0,17.0,17.0,22.0,56.0,85.0,0.0,0.0,579.0,0.0,1.6,WSW,WNW,C,mm,km/h,mm
13140,2026-09-11,01:00:00,17.0,17.0,17.0,22.0,57.0,85.0,0.0,0.0,578.9,0.0,4.8,WSW,S,C,mm,km/h,mm
13141,2026-09-11,01:15:00,17.0,17.0,17.0,22.0,57.0,84.0,0.0,0.0,578.8,0.0,3.2,WSW,WSW,C,mm,km/h,mm
13142,2026-09-11,01:30:00,17.0,17.0,17.0,22.0,57.0,83.0,0.0,0.0,578.8,1.6,6.4,SW,SSW,C,mm,km/h,mm
13143,2026-09-11,01:45:00,17.0,17.0,17.0,22.0,57.0,86.0,0.0,0.0,578.8,0.0,8.0,WSW,S,C,mm,km/h,mm
13144,2026-09-11,02:00:00,16.0,17.0,16.0,22.0,57.0,84.0,0.0,0.0,578.7,1.6,9.7,SW,SSW,C,mm,km/h,mm
13145,2026-09-11,02:15:00,16.0,16.0,16.0,22.0,57.0,84.0,0.0,0.0,578.6,1.6,6.4,SSW,SW,C,mm,km/h,mm
13146,2026-09-11,02:30:00,16.0,16.0,16.0,22.0,57.0,85.0,0.0,0.0,578.5,0.0,3.2,WSW,WSW,C,mm,km/h,mm
13147,2026-09-11,02:45:00,16.0,16.0,16.0,22.0,57.0,85.0,0.0,0.0,578.5,0.0,3.2,SSW,SSE,C,mm,km/h,mm
13148,2026-09-11,03:00:00,16.0,16.0,16.0,22.0,57.0,86.0,0.0,0.0,578.5,0.0,6.4,SW,SSW,C,mm,km/h,mm
13149,2026-09-11,03:15:00,16.0,16.0,16.0,22.0,57.0,87.0,0.0,0.0,578.3,1.6,11.3,SW,WSW,C,mm,km/h,mm
13150,2026-09-11,03:30:00,16.0,16.0,16.0,22.0,57.0,88.0,0.0,0.0,578.3,0.0,4.8,WSW,SW,C,mm,km/h,mm
13151,2026-09-11,03:45:00,16.0,16.0,16.0,22.0,57.0,87.0,0.0,0.0,578.4,1.6,8.0,SW,SW,C,mm,km/h,mm
13152,2026-09-11,04:00:00,16.0,16.0,16.0,22.0,57.0,87.0,0.0,0.0,578.4,0.0,6.4,SW,SW,C,mm,km/h,mm
13153,2026-09-11,04:15:00,16.0,16.0,16.0,22.0,57.0,87.0,0.0,0.0,578.4,0.0,4.8,SSW,NNW,C,mm,km/h,mm
13154,2026-09-11,04:30:00,16.0,16.0,16.0,21.0,57.0,87.0,0.0,0.0,578.4,0.0,8.0,SSW,SSW,C,mm,km/h,mm
13155,2026-09-11,04:45:00,16.0,16.0,15.0,21.0,57.0,88.0,0.0,0.0,578.5,0.0,6.4,SW,SW,C,mm,km/h,mm
13156,2026-09-11,05:00:00,15.0,16.0,15.0,21.0,57.0,89.0,0.0,0.0,578.6,0.0,1.6,W,W,C,mm,km/h,mm
13157,2026-09-11,05:15:00,15.0,15.0,15.0,21.0,57.0,89.0,0.0,0.0,578.6,0.0,1.6,NNE,NNE,C,mm,km/h,mm
13158,2026-09-11,05:30:00,15.0,15.0,15.0,21.0,57.0,88.0,0.0,0.0,578.7,0.0,0.0,,,C,mm,km/h,mm
13159,2026-09-11,05:45:00,15.0,15.0,15.0,21.0,57.0,87.0,0.0,0.0,578.7,0.0,0.0,,,C,mm,km/h,mm
13160,2026-09-11,06:00:00,15.0,15.0,15.0,21.0,57.0,87.0,0.0,0.0,578.8,0.0,0.0,,,C,mm,km/h,mm
13161,2026-09-11,06:15:00,15.0,15.0,15.0,21.0,57.0,86.0,0.0,0.0,578.8,0.0,0.0,,,C,mm,km/h,mm
13162,2026-09-11,06:30:00,15.0,15.0,15.0,21.0,57.0,86.0,0.0,0.0,578.7,0.0,0.0,,,C,mm,km/h,mm
13163,2026-09-11,06:45:00,15.0,15.0,15.0,21.0,57.0,85.0,0.0,0.0,578.7,0.0,0.0,,,C,mm,km/h,mm
13164,2026-09-11,07:00:00,15.0,15.0,15.0,22.0,56.0,82.0,0.0,0.0,578.8,0.0,0.0,,,C,mm,km/h,mm
13165,2026-09-11,07:15:00,16.0,16.0,15.0,22.0,56.0,83.0,0.0,0.0,578.6,0.0,0.0,,,C,mm,km/h,mm
13166,2026-09-11,07:30:00,16.0,16.0,16.0,22.0,56.0,82.0,0.0,0.0,578.7,0.0,1.6,W,NW,C,mm,km/h,mm
13167,2026-09-11,07:45:00,16.0,16.0,16.0,22.0,56.0,82.0,0.0,0.0,578.8,0.0,1.6,NE,NNE,C,mm,km/h,mm
13168,2026-09-11,08:00:00,16.0,16.0,16.0,22.0,56.0,83.0,0.0,0.0,579.0,0.0,0.0,,,C,mm,km/h,mm
13169,2026-09-11,08:15:00,17.0,17.0,16.0,22.0,56.0,80.0,0.0,0.0,579.0,0.0,1.6,WNW,WNW,C,mm,km/h,mm
13170,2026-09-11,08:30:00,19.0,19.0,17.0,22.0,56.0,75.0,0.0,0.0,579.2,0.0,1.6,NW,NW,C,mm,km/h,mm
13171,2026-09-11,08:45:00,19.0,19.0,19.0,22.0,56.0,72.0,0.0,0.0,579.3,0.0,1.6,ENE,NE,C,mm,km/h,mm
13172,2026-09-11,09:00:00,20.0,20.0,19.0,22.0,56.0,69.0,0.0,0.0,579.5,0.0,8.0,NW,WNW,C,mm,km/h,mm
13173,2026-09-11,09:15:00,21.0,21.0,20.0,22.0,56.0,67.0,0.0,0.0,579.4,0.0,4.8,NNW,WNW,C,mm,km/h,mm
13174,2026-09-11,09:30:00,21.0,21.0,21.0,22.0,56.0,69.0,0.0,0.0,579.3,1.6,6.4,NW,NNW,C,mm,km/h,mm
13175,2026-09-11,09:45:00,21.0,21.0,21.0,22.0,55.0,68.0,0.0,0.0,579.1,0.0,6.4,NNW,NW,C,mm,km/h,mm
13176,2026-09-11,10:00:00,22.0,22.0,21.0,22.0,55.0,66.0,0.0,0.0,579.2,1.6,6.4,WSW,WSW,C,mm,km/h,mm
13177,2026-09-11,10:15:00,22.0,22.0,22.0,22.0,55.0,64.0,0.0,0.0,579.1,1.6,6.4,W,W,C,mm,km/h,mm
13178,2026-09-11,10:30:00,22.0,23.0,22.0,22.0,55.0,62.0,0.0,0.0,579.2,0.0,8.0,NW,NW,C,mm,km/h,mm
13179,2026-09-11,10:45:00,23.0,23.0,22.0,22.0,55.0,59.0,0.0,0.0,579.1,0.0,6.4,NNW,WNW,C,mm,km/h,mm
13180,2026-09-11,11:00:00,22.0,23.0,22.0,22.0,55.0,61.0,0.0,0.0,579.0,1.6,6.4,ESE,ESE,C,mm,km/h,mm
13181,2026-09-11,11:15:00,24.0,24.0,22.0,22.0,55.0,63.0,0.0,0.0,578.7,1.6,6.4,E,NW,C,mm,km/h,mm
13182,2026-09-11,11:30:00,24.0,24.0,24.0,22.0,55.0,57.0,0.0,0.0,578.2,0.0,6.4,NNE,SSW,C,mm,km/h,mm
13183,2026-09-11,11:45:00,25.0,25.0,24.0,22.0,55.0,52.0,0.0,0.0,578.0,1.6,9.7,SSW,WSW,C,mm,km/h,mm
13184,2026-09-11,12:00:00,25.0,25.0,25.0,22.0,55.0,50.0,0.0,0.0,577.7,1.6,12.9,NW,WNW,C,mm,km/h,mm
13185,2026-09-11,12:15:00,25.0,25.0,25.0,22.0,54.0,49.0,0.0,0.0,577.5,1.6,6.4,NNW,N,C,mm,km/h,mm
13186,2026-09-11,12:30:00,25.0,25.0,25.0,22.0,53.0,49.0,0.0,0.0,577.3,1.6,9.7,WSW,S,C,mm,km/h,mm
13187,2026-09-11,12:45:00,26.0,26.0,25.0,23.0,52.0,48.0,0.0,0.0,577.2,3.2,11.3,WSW,WSW,C,mm,km/h,mm
13188,2026-09-11,13:00:00,26.0,26.0,25.0,23.0,53.0,48.0,0.0,0.0,577.0,1.6,6.4,E,N,C,mm,km/h,mm
13189,2026-09-11,13:15:00,26.0,26.0,26.0,23.0,53.0,47.0,0.0,0.0,576.7,0.0,3.2,NW,NNW,C,mm,km/h,mm
13190,2026-09-11,13:30:00,25.0,26.0,25.0,23.0,53.0,51.0,0.0,0.0,576.7,0.0,4.8,E,ESE,C,mm,km/h,mm
13191,2026-09-11,13:45:00,25.0,25.0,25.0,23.0,53.0,50.0,0.0,0.0,576.4,0.0,4.8,E,ESE,C,mm,km/h,mm
13192,2026-09-11,14:00:00,26.0,26.0,25.0,23.0,52.0,47.0,0.0,0.0,576.1,0.0,9.7,SE,SE,C,mm,km/h,mm
13193,2026-09-11,14:15:00,26.0,26.0,26.0,23.0,52.0,44.0,0.0,0.0,575.8,1.6,12.9,NW,NW,C,mm,km/h,mm
13194,2026-09-11,14:30:00,26.0,27.0,26.0,23.0,52.0,45.0,0.0,0.0,575.7,0.0,6.4,NNW,SSW,C,mm,km/h,mm
13195,2026-09-11,14:45:00,26.0,27.0,26.0,23.0,52.0,46.0,0.0,0.0,575.5,0.0,4.8,NNE,NNE,C,mm,km/h,mm
13196,2026-09-11,15:00:00,26.0,26.0,26.0,23.0,52.0,44.0,0.0,0.0,575.3,1.6,8.0,WNW,WSW,C,mm,km/h,mm
13197,2026-09-11,15:15:00,25.0,26.0,25.0,23.0,51.0,44.0,0.0,0.0,575.2,1.6,8.0,WSW,NNW,C,mm,km/h,mm
13198,2026-09-11,15:30:00,25.0,25.0,25.0,23.0,50.0,46.0,0.0,0.0,575.1,1.6,8.0,WSW,W,C,mm,km/h,mm
13199,2026-09-11,15:45:00,25.0,25.0,25.0,23.0,50.0,45.0,0.0,0.0,575.1,0.0,4.8,W,W,C,mm,km/h,mm
13200,2026-09-11,16:00:00,26.0,26.0,25.0,23.0,51.0,42.0,0.0,0.0,574.9,0.0,6.4,WNW,WSW,C,mm,km/h,mm
13201,2026-09-11,16:15:00,27.0,27.0,26.0,23.0,51.0,41.0,0.0,0.0,574.7,0.0,6.4,WSW,WSW,C,mm,km/h,mm
13202,2026-09-11,16:30:00,27.0,27.0,27.0,23.0,51.0,40.0,0.0,0.0,574.5,1.6,8.0,W,SSW,C,mm,km/h,mm
13203,2026-09-11,16:45:00,27.0,27.0,27.0,23.0,51.0,41.0,0.0,0.0,574.6,1.6,8.0,W,WSW,C,mm,km/h,mm
13204,2026-09-11,17:00:00,26.0,27.0,26.0,23.0,51.0,42.0,0.0,0.0,574.6,0.0,3.2,SW,SW,C,mm,km/h,mm
13205,2026-09-11,17:15:00,25.0,26.0,25.0,23.0,51.0,46.0,0.0,0.0,574.6,1.6,12.9,WSW,SW,C,mm,km/h,mm
13206,2026-09-11,17:30:00,24.0,25.0,24.0,23.0,51.0,50.0,0.0,0.0,574.6,4.8,17.7,WSW,SW,C,mm,km/h,mm
13207,2026-09-11,17:45:00,24.0,24.0,24.0,23.0,51.0,50.0,0.0,0.0,574.9,3.2,12.9,WSW,NW,C,mm,km/h,mm
13208,2026-09-11,18:00:00,23.0,24.0,23.0,23.0,51.0,51.0,0.0,0.0,574.8,3.2,11.3,WSW,SSW,C,mm,km/h,mm
13209,2026-09-11,18:15:00,22.0,23.0,22.0,23.0,51.0,58.0,0.0,0.0,575.3,3.2,17.7,NW,N,C,mm,km/h,mm
13210,2026-09-11,18:30:00,19.0,22.0,19.0,23.0,51.0,69.0,0.0,0.0,575.7,3.2,17.7,NNW,WNW,C,mm,km/h,mm
13211,2026-09-11,18:45:00,19.0,19.0,19.0,23.0,51.0,71.0,0.0,0.0,576.2,3.2,16.1,NNW,NW,C,mm,km/h,mm
13212,2026-09-11,19:00:00,18.0,19.0,18.0,23.0,52.0,68.0,0.0,0.0,576.3,1.6,6.4,ENE,SSE,C,mm,km/h,mm
13213,2026-09-11,19:15:00,17.0,18.0,17.0,23.0,51.0,72.0,0.0,0.0,576.7,1.6,4.8,E,ESE,C,mm,km/h,mm
13214,2026-09-11,19:30:00,17.0,17.0,17.0,23.0,52.0,76.0,0.0,0.0,576.8,0.0,6.4,E,WNW,C,mm,km/h,mm
13215,2026-09-11,19:45:00,17.0,17.0,17.0,23.0,52.0,77.0,0.0,0.0,576.9,0.0,1.6,ENE,NNW,C,mm,km/h,mm
13216,2026-09-11,20:00:00,17.0,17.0,17.0,23.0,52.0,77.0,0.0,0.0,576.6,0.0,0.0,,,C,mm,km/h,mm
13217,2026-09-11,20:15:00,17.0,17.0,17.0,23.0,52.0,74.0,0.0,0.0,576.7,0.0,3.2,E,NE,C,mm,km/h,mm
13218,2026-09-11,20:30:00,18.0,18.0,17.0,23.0,52.0,73.0,0.0,0.0,577.1,0.0,1.6,E,E,C,mm,km/h,mm
13219,2026-09-11,20:45:00,18.0,18.0,17.0,23.0,53.0,73.0,0.0,0.0,577.4,0.0,4.8,E,E,C,mm,km/h,mm
13220,2026-09-11,21:00:00,17.0,18.0,17.0,23.0,53.0,74.0,0.0,0.0,577.7,0.0,0.0,,,C,mm,km/h,mm
13221,2026-09-11,21:15:00,17.0,17.0,17.0,22.0,53.0,75.0,0.0,0.0,577.7,0.0,0.0,,,C,mm,km/h,mm
13222,2026-09-11,21:30:00,17.0,17.0,17.0,22.0,53.0,76.0,0.0,0.0,577.9,0.0,0.0,,,C,mm,km/h,mm
13223,2026-09-11,21:45:00,17.0,17.0,17.0,22.0,53.0,75.0,0.0,0.0,577.9,0.0,0.0,,,C,mm,km/h,mm
13224,2026-09-11,22:00:00,18.0,18.0,17.0,22.0,53.0,70.0,0.0,0.0,577.9,1.6,8.0,WSW,WSW,C,mm,km/h,mm
13225,2026-09-11,22:15:00,18.0,18.0,18.0,22.0,53.0,71.0,0.0,0.0,577.9,0.0,6.4,W,WSW,C,mm,km/h,mm
13226,2026-09-11,22:30:00,18.0,18.0,18.0,22.0,53.0,72.0,0.0,0.0,578.1,0.0,1.6,WSW,WSW,C,mm,km/h,mm
13227,2026-09-11,22:45:00,18.0,18.0,18.0,22.0,53.0,77.0,0.0,0.0,578.1,0.0,0.0,,,C,mm,km/h,mm
13228,2026-09-11,23:00:00,17.0,18.0,17.0,22.0,53.0,83.0,0.0,0.0,577.8,0.0,0.0,,,C,mm,km/h,mm
13229,2026-09-11,23:15:00,17.0,17.0,17.0,22.0,54.0,86.0,0.0,0.0,577.9,0.0,0.0,,,C,mm,km/h,mm
13230,2026-09-11,23:30:00,17.0,17.0,17.0,22.0,54.0,87.0,0.0,0.0,578.0,0.0,0.0,,,C,mm,km/h,mm
13231,2026-09-11,23:45:00,17.0,17.0,17.0,22.0,54.0,88.0,0.0,0.0,578.1,0.0,0.0,,,C,mm,km/h,mm
